[OK] Eventlet monkey patching completed successfully
[OK] Socket manager initialized successfully
[OK] Troubleshooting lobby manager imported successfully
[WARNING] Warning: Could not import collaboration service: cannot import name 'User' from 'instructor.models.user' (C:\Users\gilbe\OneDrive\Desktop\RiddleNet\instructor\models\user.py)
[OK] Team chat service imported successfully
[create_app] Attempted to load instance/config.py (silent=True). Exists: True
[create_app] SQLALCHEMY_DATABASE_URI not found after from_pyfile. Building from environment variables...
[create_app] Constructed PostgreSQL URI from env: postgresql+psycopg2://postgres:admin@localhost:5432/riddlenet
[create_app] SplitSessionInterface enabled (instructor_session / user_session cookies)
User WebSocket events registered successfully
Successfully registered gamified topology routes
[DEBUG] Attempting to register universal class routes...
[DEBUG] Universal class blueprint imported successfully
[OK] Universal class routes registered successfully
[OK] Dynamic simulation routes registered successfully
static: /static/<path:filename>
user.serve_video: /media/video/<path:filename>
user.serve_audio: /media/audio/<path:filename>
user.index: /
user.overview: /overview
user.classes: /classes
user.networking_1: /learning/networking-1
user.networking_2: /learning/networking-2
user.class_detail_universal: /class/<int:class_id>/
user.class_detail_universal: /class/<int:class_id>
user.dashboard: /dashboard
user.profile: /profile
user.scores: /scores
user.about_us: /about_us
user.update_profile: /update_profile
user.delete_score: /delete_score/<int:score_id>
user.troubleshoot: /troubleshoot
user.crimping_simulation: /crimping-simulation
user.crimping_simulation: /crimp
user.challenges: /challenges
user.osi_simulation: /osi-simulation
user.save_crimping_score: /save_crimping_score
user.save_osi_score: /save_osi_score
user.logout: /logout
user.login: /login
user.signup: /signup
user.send_otp: /send_otp
user.topology: /topology
user.gamified_topology: /topology/gamified
user.get_topology_challenges: /topology/challenges
user.get_topology_challenge: /topology/challenge/<int:topology_id>
user.get_completed_topologies: /topology/completed
user.save_topology_score: /save_topology_score
user.save_topology_progress: /topology/progress
user.get_topology_config: /api/topology/config/<topology_type>
user.get_topology_types: /api/topology/types
user.track_networking_progress: /api/networking/track-progress
user.get_networking_lesson: /api/networking/lesson/<lesson_id>
user.networking1_simulations_redirect: /networking1-simulations
user.networking2_simulations_redirect: /networking2-simulations
user.networking1_simulation_redirect: /networking1-<simulation_name>-simulation
user.networking2_simulation_redirect: /networking2-<simulation_name>-simulation
user.debug_auth: /debug-auth
user.landscape_test: /landscape-test
user.gamified_topology.topology_simulation: /topology/
user.gamified_topology.get_scenarios: /topology/api/scenarios
user.gamified_topology.start_scenario: /topology/api/scenario/<scenario_id>/start
user.gamified_topology.validate_scenario: /topology/api/scenario/<scenario_id>/validate
user.gamified_topology.get_user_progress: /topology/api/progress
user.gamified_topology.get_leaderboard: /topology/api/leaderboard
user.gamified_topology.get_achievements: /topology/api/achievements
user.gamified_topology.get_scenario_tutorial: /topology/api/scenarios/<scenario_id>/tutorial
user.gamified_topology.mark_tutorial_complete: /topology/api/progress/mark-tutorial-complete
user.gamified_topology.get_hint: /topology/api/hint
user.gamified_topology.reset_user_progress: /topology/api/reset-progress
universal_class.dynamic_class_detail: /class/<int:class_id>
universal_class.simulation_detail: /class/<int:class_id>/simulation/<int:simulation_id>
universal_class.assessment_detail: /class/<int:class_id>/assessment/<int:assessment_id>
universal_class.api_get_progress: /class/<int:class_id>/api/progress
universal_class.api_get_content: /class/<int:class_id>/api/content
universal_class.module_detail: /class/<int:class_id>/module/<int:module_id>
universal_class.api_get_first_lesson: /class/<int:class_id>/api/first-lesson
universal_class.api_get_assignment: /class/api/assignments/<int:assignment_id>
dynamic_simulations.simulations_dashboard: /dynamic/dashboard
dynamic_simulations.my_simulations: /dynamic/my-simulations
dynamic_simulations.get_simulation_tutorial: /dynamic/simulation/<int:simulation_id>/tutorial
dynamic_simulations.run_simulation: /dynamic/simulation/<int:simulation_id>
dynamic_simulations.learning_path_view: /dynamic/learning-path/<int:path_id>
dynamic_simulations.start_simulation: /dynamic/api/simulation/<int:simulation_id>/start
dynamic_simulations.submit_step: /dynamic/api/simulation/<int:simulation_id>/submit-step
dynamic_simulations.update_network_state: /dynamic/api/simulation/<int:simulation_id>/network-state
dynamic_simulations.get_simulation_topology_config: /dynamic/api/simulation/<int:simulation_id>/topology
dynamic_simulations.validate_simulation_topology: /dynamic/api/simulation/<int:simulation_id>/topology/validate
dynamic_simulations.execute_cli_command: /dynamic/api/simulation/<int:simulation_id>/execute-cli
dynamic_simulations.generate_qr_code: /dynamic/simulation/<int:simulation_id>/qr
dynamic_simulations.confirm_simulation: /dynamic/simulation/<int:simulation_id>/confirm
dynamic_simulations.validate_simulation_step: /dynamic/api/simulation/<int:simulation_id>/validate-step
dynamic_simulations.get_task_mode: /dynamic/api/simulation/<int:simulation_id>/task-mode
dynamic_simulations.get_instructor_topology: /dynamic/api/simulation/<int:simulation_id>/admin-topology
dynamic_simulations.complete_simulation: /dynamic/api/simulation/<int:simulation_id>/complete
dynamic_simulations.validate_network_api: /dynamic/api/simulation/<int:simulation_id>/validate-network
dynamic_simulations.validate_device_api: /dynamic/api/simulation/<int:simulation_id>/validate-device
dynamic_simulations.troubleshooting_api: /dynamic/api/simulation/<int:simulation_id>/troubleshoot
dynamic_simulations.autosave_simulation_progress: /dynamic/api/simulation/<int:simulation_id>/autosave
dynamic_simulations.get_current_device_count: /dynamic/api/simulation/<int:simulation_id>/current-device-count
dynamic_simulations.update_device_configuration: /dynamic/api/simulation/<int:simulation_id>/device-config
dynamic_simulations.get_simulation_topology: /dynamic/api/simulation/<int:simulation_id>/topology
dynamic_simulations.get_device_configuration: /dynamic/api/simulation/<int:simulation_id>/device-config/<device_id>
dynamic_simulations.get_collaboration_settings: /dynamic/api/simulation/<int:simulation_id>/collaboration-settings
dynamic_simulations.join_collaboration_lobby: /dynamic/api/simulation/<int:simulation_id>/join-lobby
dynamic_simulations.get_current_device_count_api: /dynamic/api/get_current_device_count
dynamic_simulations.get_network_config_api: /dynamic/api/simulation/<int:simulation_id>/network-config
dynamic_simulations.save_network_config_api: /dynamic/api/simulation/<int:simulation_id>/network-config
dynamic_simulations.validate_network_config_api: /dynamic/api/simulation/<int:simulation_id>/network-config/validate
dynamic_simulations.check_command_execution: /dynamic/api/simulation/<int:simulation_id>/check-command
dynamic_simulations.get_task_progress: /dynamic/api/simulation/<int:simulation_id>/task-progress
dynamic_simulations.save_task_progress: /dynamic/api/simulation/<int:simulation_id>/task-progress
dynamic_simulations.check_device_requirements: /dynamic/api/simulation/<int:simulation_id>/check-devices
dynamic_simulations.get_user_task_assignment: /dynamic/api/simulation/<int:simulation_id>/task-assignment
dynamic_simulations.get_simulation_task_config: /dynamic/api/simulation/<int:simulation_id>/task-config
dynamic_simulations.export_simulation: /dynamic/api/simulation/<int:simulation_id>/export
[OK] RNet file viewer blueprint registered
[OK] Application context initialized successfully2025-10-27 04:19:23,890 - __main__ - INFO - [OK] SocketIO instance injected into notification controller
2025-10-27 04:19:23,890 - __main__ - INFO - Development mode: Creating database tables
2025-10-27 04:19:24,139 - __main__ - INFO - Database tables created successfully
2025-10-27 04:19:24,156 - __main__ - INFO - Running database migrations and setup...
2025-10-27 04:19:24,630 - __main__ - INFO - Database setup completed successfully
2025-10-27 04:19:24,630 - __main__ - INFO - Initializing session cleanup middleware...
2025-10-27 04:19:24,634 - __main__ - INFO - Session cleanup middleware imported successfully
2025-10-27 04:19:24,635 - __main__ - INFO - Session cleanup middleware initialized successfully
2025-10-27 04:19:24,678 - __main__ - INFO - User API Blueprint registered successfully
2025-10-27 04:19:24,712 - __main__ - INFO - Registered topology_progress_bp from user.api.topology_progress_api
2025-10-27 04:19:24,913 - __main__ - INFO - Registered troubleshooting_bp from user.routes.troubleshooting_routes
2025-10-27 04:19:24,917 - __main__ - INFO - Registered quiz_bp from user.routes.quiz_routes
2025-10-27 04:19:24,924 - __main__ - INFO - Registered collaborative_troubleshooting_api_bp from user.routes.collaborative_troubleshooting_api
2025-10-27 04:19:24,928 - __main__ - INFO - Registered feedback_api from user.api.feedback_api
2025-10-27 04:19:24,939 - __main__ - INFO - Registered notification_bp from user.routes.notification_routes
2025-10-27 04:19:24,941 - __main__ - INFO - Registered user_assignment_bp from user.routes.assignment_routes
2025-10-27 04:19:24,942 - __main__ - WARNING - Could not register enhanced_simulation_api from user.api.enhanced_simulation_api: cannot import name 'validate_simulation_access' from 'user.utils' (C:\Users\gilbe\OneDrive\Desktop\RiddleNet\user\utils.py)
2025-10-27 04:19:24,942 - __main__ - INFO - Registering Admin Blueprints...
2025-10-27 04:19:24,958 - __main__ - INFO - Registered auth_bp from instructor.controllers.auth_controller
2025-10-27 04:19:25,061 - __main__ - INFO - Registered dashboard_bp from instructor.controllers.dashboard_controller
2025-10-27 04:19:25,153 - __main__ - INFO - Registered user_bp from instructor.controllers.user_controller
2025-10-27 04:19:25,159 - __main__ - INFO - Registered score_bp from instructor.controllers.score_controller
2025-10-27 04:19:25,172 - __main__ - INFO - Registered essay_bp from instructor.controllers.essay_controller
2025-10-27 04:19:25,177 - __main__ - INFO - Registered question_bp from instructor.controllers.question_controller
2025-10-27 04:19:25,182 - __main__ - INFO - Registered question_group_bp from instructor.controllers.question_group_controller
2025-10-27 04:19:25,235 - __main__ - INFO - Registered class_controller from instructor.controllers.class_controller
2025-10-27 04:19:25,295 - __main__ - INFO - Registered class_content_controller_old from instructor.controllers.class_content_controller
2025-10-27 04:19:25,302 - __main__ - WARNING - Could not register lesson_editor_bp from instructor.controllers.lesson_editor_controller: No module named 'ffmpeg'
2025-10-27 04:19:25,327 - __main__ - INFO - Registered enhanced_module_bp from instructor.controllers.enhanced_module_controller
2025-10-27 04:19:25,334 - __main__ - WARNING - Could not register deadline_controller_bp from instructor.controllers.deadline_controller: cannot import name 'DeadlineService' from 'instructor.services.deadline_service' (C:\Users\gilbe\OneDrive\Desktop\RiddleNet\instructor\services\deadline_service.py)
2025-10-27 04:19:25,339 - __main__ - INFO - Registered module_lesson_editor_bp from instructor.controllers.module_lesson_editor_controller
2025-10-27 04:19:25,346 - __main__ - INFO - Registered audit_log_bp from instructor.controllers.audit_log_controller
2025-10-27 04:19:25,351 - __main__ - INFO - Registered notification_controller from instructor.controllers.notification_controller
2025-10-27 04:19:25,369 - __main__ - INFO - Registered lesson_bp from instructor.controllers.lesson_controller
2025-10-27 04:19:25,387 - __main__ - INFO - Registered tutorial_bp from instructor.controllers.tutorial_controller
2025-10-27 04:19:25,402 - __main__ - INFO - Registered rubric_bp from instructor.controllers.rubric_controller
2025-10-27 04:19:25,407 - __main__ - WARNING - Could not register admin_settings_bp from instructor.controllers.admin_settings_controller: No module named 'config.defaults'
2025-10-27 04:19:25,422 - __main__ - INFO - Registered live_quiz_instructor from instructor.api.live_quiz_api
2025-10-27 04:19:25,532 - __main__ - INFO - Registered admin_api_bp from instructor.routes.api_routes
2025-10-27 04:19:25,543 - __main__ - INFO - Registered topology_bp from instructor.routes.topology_routes
2025-10-27 04:19:25,554 - __main__ - INFO - Registered topology_api_bp from instructor.routes.topology_api_routes
2025-10-27 04:19:25,573 - __main__ - INFO - Registered troubleshooting_bp from instructor.routes.troubleshooting_routes
2025-10-27 04:19:25,586 - __main__ - INFO - Registered troubleshooting_api_bp from instructor.routes.troubleshooting_api_routes
2025-10-27 04:19:25,650 - __main__ - INFO - Registered admin_simulation_bp from instructor.routes.simulation_routes
2025-10-27 04:19:25,656 - __main__ - INFO - Registered device_sync_bp from instructor.routes.device_sync_api
2025-10-27 04:19:25,664 - __main__ - ERROR - Unexpected error registering admin_collaboration_api_bp: 'charmap' codec can't encode character '\U0001f527' in position 0: character maps to <undefined>
Traceback (most recent call last):
  File "C:\Users\gilbe\OneDrive\Desktop\RiddleNet\run.py", line 396, in <module>
    module = importlib.import_module(module_path)
             ^^^^^^^^^^^^^^^^^^^^^^^^^^^^^^^^^^^^
  File "C:\Users\gilbe\AppData\Local\Programs\Python\Python312\Lib\importlib\__init__.py", line 90, in import_module
    return _bootstrap._gcd_import(name[level:], package, level)
           ^^^^^^^^^^^^^^^^^^^^^^^^^^^^^^^^^^^^^^^^^^^^^^^^^^^^
  File "<frozen importlib._bootstrap>", line 1387, in _gcd_import
  File "<frozen importlib._bootstrap>", line 1360, in _find_and_load
  File "<frozen importlib._bootstrap>", line 1331, in _find_and_load_unlocked
  File "<frozen importlib._bootstrap>", line 935, in _load_unlocked
  File "<frozen importlib._bootstrap_external>", line 995, in exec_module
  File "<frozen importlib._bootstrap>", line 488, in _call_with_frames_removed
  File "C:\Users\gilbe\OneDrive\Desktop\RiddleNet\instructor\routes\collaboration_api.py", line 24, in <module>
    print("\U0001f527 Admin Collaboration API Blueprint created with prefix: /admin/api/collaboration")
  File "C:\Users\gilbe\AppData\Local\Programs\Python\Python312\Lib\encodings\cp1252.py", line 19, in encode
    return codecs.charmap_encode(input,self.errors,encoding_table)[0]
           ^^^^^^^^^^^^^^^^^^^^^^^^^^^^^^^^^^^^^^^^^^^^^^^^^^^^^^^
UnicodeEncodeError: 'charmap' codec can't encode character '\U0001f527' in position 0: character maps to <undefined>
2025-10-27 04:19:25,724 - __main__ - INFO - Registered instructor_lab_bp from instructor.controllers.instructor_lab_controller
2025-10-27 04:19:25,735 - __main__ - INFO - Registered lab_api from instructor.routes.lab_api
2025-10-27 04:19:25,735 - __main__ - INFO - Skipping rnet_viewer from instructor.routes.rnet_viewer_routes; already registered
2025-10-27 04:19:25,736 - __main__ - INFO - Admin blueprints registration complete: 26 successful, 4 failed
2025-10-27 04:19:25,736 - __main__ - INFO - Registering Enhanced User Routes...
2025-10-27 04:19:25,738 - __main__ - INFO - Enhanced user routes registered successfully

[OK] SocketIO initialized successfully
[OK] SocketIO instance set in notification controller: True
[database_setup] Skipping legacy SQLite PRAGMA migrations (PostgreSQL in use)
Creating database tables...
[database_setup] Skipping legacy SQLite PRAGMA migrations (PostgreSQL in use)
[database_setup] Syncing simulation_assignments.id sequence with MAX(id)...
[database_setup] [OK] simulation_assignments.id sequence synced
Database setup complete!
[OK] Performance feedback tables created successfully!
[OK] Session cleanup middleware initialized
[SHIELD] Session guard middleware registered
Added C:\Users\gilbe\OneDrive\Desktop\RiddleNet\templates to blueprint auth's loaders
Warning: Template folder does not exist: C:\Users\gilbe\OneDrive\Desktop\RiddleNet\templates\admin
Created ChoiceLoader for blueprint auth
Added C:\Users\gilbe\OneDrive\Desktop\RiddleNet\templates to blueprint dashboard's loaders
Warning: Template folder does not exist: C:\Users\gilbe\OneDrive\Desktop\RiddleNet\templates\admin
Created ChoiceLoader for blueprint dashboard
Added C:\Users\gilbe\OneDrive\Desktop\RiddleNet\templates to blueprint admin_user's loaders
Warning: Template folder does not exist: C:\Users\gilbe\OneDrive\Desktop\RiddleNet\templates\admin
Created ChoiceLoader for blueprint admin_user
Added C:\Users\gilbe\OneDrive\Desktop\RiddleNet\templates to blueprint score's loaders
Warning: Template folder does not exist: C:\Users\gilbe\OneDrive\Desktop\RiddleNet\templates\admin
Created ChoiceLoader for blueprint score
Added C:\Users\gilbe\OneDrive\Desktop\RiddleNet\templates to blueprint essay's loaders
Warning: Template folder does not exist: C:\Users\gilbe\OneDrive\Desktop\RiddleNet\templates\admin
Created ChoiceLoader for blueprint essay
Added C:\Users\gilbe\OneDrive\Desktop\RiddleNet\templates to blueprint question's loaders
Warning: Template folder does not exist: C:\Users\gilbe\OneDrive\Desktop\RiddleNet\templates\admin
Created ChoiceLoader for blueprint question
Added C:\Users\gilbe\OneDrive\Desktop\RiddleNet\templates to blueprint question_group's loaders
Warning: Template folder does not exist: C:\Users\gilbe\OneDrive\Desktop\RiddleNet\templates\admin
Created ChoiceLoader for blueprint question_group
Added C:\Users\gilbe\OneDrive\Desktop\RiddleNet\templates to blueprint class_controller's loaders
Warning: Template folder does not exist: C:\Users\gilbe\OneDrive\Desktop\RiddleNet\templates\admin
Created ChoiceLoader for blueprint class_controller
Added C:\Users\gilbe\OneDrive\Desktop\RiddleNet\templates to blueprint class_content_controller_old's loaders
Warning: Template folder does not exist: C:\Users\gilbe\OneDrive\Desktop\RiddleNet\templates\admin
Created ChoiceLoader for blueprint class_content_controller_old
Added C:\Users\gilbe\OneDrive\Desktop\RiddleNet\templates to blueprint enhanced_module's template search paths
Warning: Template folder does not exist: C:\Users\gilbe\OneDrive\Desktop\RiddleNet\templates\admin
Added C:\Users\gilbe\OneDrive\Desktop\RiddleNet\templates to blueprint module_lesson_editor's loaders
Warning: Template folder does not exist: C:\Users\gilbe\OneDrive\Desktop\RiddleNet\templates\admin
Created ChoiceLoader for blueprint module_lesson_editor
Added C:\Users\gilbe\OneDrive\Desktop\RiddleNet\templates to blueprint audit_log's loaders
Warning: Template folder does not exist: C:\Users\gilbe\OneDrive\Desktop\RiddleNet\templates\admin
Created ChoiceLoader for blueprint audit_log
Added C:\Users\gilbe\OneDrive\Desktop\RiddleNet\templates to blueprint notification_controller's loaders
Warning: Template folder does not exist: C:\Users\gilbe\OneDrive\Desktop\RiddleNet\templates\admin
Created ChoiceLoader for blueprint notification_controller
Added C:\Users\gilbe\OneDrive\Desktop\RiddleNet\templates to blueprint lesson's loaders
Warning: Template folder does not exist: C:\Users\gilbe\OneDrive\Desktop\RiddleNet\templates\admin
Created ChoiceLoader for blueprint lesson
Added C:\Users\gilbe\OneDrive\Desktop\RiddleNet\templates to blueprint tutorial's loaders
Warning: Template folder does not exist: C:\Users\gilbe\OneDrive\Desktop\RiddleNet\templates\admin
Created ChoiceLoader for blueprint tutorial
Added C:\Users\gilbe\OneDrive\Desktop\RiddleNet\templates to blueprint rubric's loaders
Warning: Template folder does not exist: C:\Users\gilbe\OneDrive\Desktop\RiddleNet\templates\admin
Created ChoiceLoader for blueprint rubric
Added C:\Users\gilbe\OneDrive\Desktop\RiddleNet\templates to blueprint live_quiz_instructor's loaders
Warning: Template folder does not exist: C:\Users\gilbe\OneDrive\Desktop\RiddleNet\templates\admin
Created ChoiceLoader for blueprint live_quiz_instructor
Added C:\Users\gilbe\OneDrive\Desktop\RiddleNet\templates to blueprint instructor_api's loaders
Warning: Template folder does not exist: C:\Users\gilbe\OneDrive\Desktop\RiddleNet\templates\admin
Created ChoiceLoader for blueprint instructor_api
Added C:\Users\gilbe\OneDrive\Desktop\RiddleNet\templates to blueprint topology's loaders
Warning: Template folder does not exist: C:\Users\gilbe\OneDrive\Desktop\RiddleNet\templates\admin
Created ChoiceLoader for blueprint topology
Added C:\Users\gilbe\OneDrive\Desktop\RiddleNet\templates to blueprint topology_api's loaders
Warning: Template folder does not exist: C:\Users\gilbe\OneDrive\Desktop\RiddleNet\templates\admin
Created ChoiceLoader for blueprint topology_api
Added C:\Users\gilbe\OneDrive\Desktop\RiddleNet\templates to blueprint instructor_troubleshooting's loaders
Warning: Template folder does not exist: C:\Users\gilbe\OneDrive\Desktop\RiddleNet\templates\admin
Created ChoiceLoader for blueprint instructor_troubleshooting
Added C:\Users\gilbe\OneDrive\Desktop\RiddleNet\templates to blueprint troubleshooting_api's loaders
Warning: Template folder does not exist: C:\Users\gilbe\OneDrive\Desktop\RiddleNet\templates\admin
Created ChoiceLoader for blueprint troubleshooting_api
Added C:\Users\gilbe\OneDrive\Desktop\RiddleNet\templates to blueprint instructor_simulation's loaders
Warning: Template folder does not exist: C:\Users\gilbe\OneDrive\Desktop\RiddleNet\templates\admin
Created ChoiceLoader for blueprint instructor_simulation
Added C:\Users\gilbe\OneDrive\Desktop\RiddleNet\templates to blueprint device_sync's loaders
Warning: Template folder does not exist: C:\Users\gilbe\OneDrive\Desktop\RiddleNet\templates\admin
Created ChoiceLoader for blueprint device_sync
Added C:\Users\gilbe\OneDrive\Desktop\RiddleNet\templates to blueprint instructor_lab_bp's template search paths
Warning: Template folder does not exist: C:\Users\gilbe\OneDrive\Desktop\RiddleNet\templates\admin
Added C:\Users\gilbe\OneDrive\Desktop\RiddleNet\templates to blueprint lab_api's loaders
Warning: Template folder does not exist: C:\Users\gilbe\OneDrive\Desktop\RiddleNet\templates\admin
Created ChoiceLoader for blueprint lab_api

=== Registering Progression API ===
[OK] Progression API registered successfully
   • /api/progression/simulation/<id>/unlock-status - Check unlock status
   • /api/progression/learning-path/<id>/progress - Get progress
   • /api/progression/simulation/<id>/complete - Mark completed
   • /api/progression/user/achievements - Get achievements

=== Registering User Lesson Routes ===
[OK] User lesson routes registered successfully
   • /lesson/class/<id>/lesson/<id> - View lesson content
   • /lesson/class/<id>/lesson/<id>/complete - Mark lesson complete
   • /lesson/class/<id>/lesson/<id>/progress - Update reading progress
   • /lesson/class/<id>/lesson/<id>/start-simulation/<id> - Start simulation
   • /lesson/api/class/<id>/lesson/<id>/analytics - Get lesson analytics

=== Registering Enhanced User Simulation Routes ===
[OK] Enhanced user simulation routes registered successfully
   • /simulation/dashboard - Simulation dashboard for users
   • /simulation/<id> - Run specific simulation
   • /simulation/<id>/results/<attempt_id> - View simulation results
   • /simulation/api/<id>/submit-step - Submit step response
   • /simulation/api/<id>/complete - Complete simulation
   • /simulation/api/<id>/restart - Restart simulation

=== Registering Dynamic Class Routes ===
Routes file not found: C:\Users\gilbe\OneDrive\Desktop\RiddleNet\user\routes\generated\class_7_routes.py
Routes file not found: C:\Users\gilbe\OneDrive\Desktop\RiddleNet\user\routes\generated\class_9_routes.py
Routes file not found: C:\Users\gilbe\OneDrive\Desktop\RiddleNet\user\routes\generated\class_2_routes.py
Routes file not found: C:\Users\gilbe\OneDrive\Desktop\RiddleNet\user\routes\generated\class_3_routes.py
[OK] Dynamic route registry initialized
   Total classes: 4
   Registered classes: 0
   Route files: 0
   Registration rate: 0.0%

=== Registered Routes ===
user.index                     GET, HEAD, OPTIONS   /
user.about_us                  GET, HEAD, OPTIONS   /about_us
module_lesson_editor.update_lesson_content OPTIONS, POST        /admin/api/lessons/<int:lesson_id>/content
module_lesson_editor.get_lesson_media GET, HEAD, OPTIONS   /admin/api/lessons/<int:lesson_id>/media
notification_controller.cleanup_notifications OPTIONS, POST        /admin/api/notifications/cleanup
notification_controller.get_configuration_status GET, HEAD, OPTIONS   /admin/api/notifications/config-status
notification_controller.notification_history GET, HEAD, OPTIONS   /admin/api/notifications/history
notification_controller.send_notification OPTIONS, POST        /admin/api/notifications/send
notification_controller.send_course_update OPTIONS, POST        /admin/api/notifications/send-course-update
notification_controller.send_maintenance_notification OPTIONS, POST        /admin/api/notifications/send-maintenance
notification_controller.send_security_alert OPTIONS, POST        /admin/api/notifications/send-security-alert
notification_controller.notification_stats GET, HEAD, OPTIONS   /admin/api/notifications/stats
notification_controller.get_notification_templates GET, HEAD, OPTIONS   /admin/api/notifications/templates
notification_controller.test_email_configuration OPTIONS, POST        /admin/api/notifications/test-email
notification_controller.get_users GET, HEAD, OPTIONS   /admin/api/users
module_lesson_editor.edit_module_lessons GET, HEAD, OPTIONS   /admin/classes/<int:class_id>/modules/<int:module_id>/editor
question_group.index           GET, HEAD, OPTIONS   /admin/groups/
question_group.view_group      GET, HEAD, OPTIONS   /admin/groups/<int:group_id>
question_group.add_questions_to_group GET, HEAD, OPTIONS, POST /admin/groups/<int:group_id>/add_questions
question_group.remove_question_from_group OPTIONS, POST        /admin/groups/<int:group_id>/remove_question/<int:question_id>
question_group.add_group       GET, HEAD, OPTIONS, POST /admin/groups/add
question_group.add_questions_to_group_ajax OPTIONS, POST        /admin/groups/add-questions
question_group.view_group_api  GET, HEAD, OPTIONS   /admin/groups/api/<int:group_id>
question_group.delete_group_api DELETE, OPTIONS, POST /admin/groups/api/delete/<int:group_id>
question_group.delete_group    OPTIONS, POST        /admin/groups/delete/<int:group_id>
question_group.edit_group      GET, HEAD, OPTIONS, POST /admin/groups/edit/<int:group_id>
instructor_lab_bp.labs_dashboard GET, HEAD, OPTIONS   /admin/labs/dashboard
notification_controller.notification_center GET, HEAD, OPTIONS   /admin/notifications
rubric.get_rubric_for_assignment GET, HEAD, OPTIONS   /admin/rubrics/assignment/<int:assignment_id>
rubric.create_or_update_assignment_rubric OPTIONS, POST        /admin/rubrics/assignment/<int:assignment_id>
tutorial.get_tutorial          GET, HEAD, OPTIONS   /admin/tutorials/<int:simulation_id>
tutorial.reorder_steps         OPTIONS, PATCH       /admin/tutorials/<int:simulation_id>/reorder
tutorial.add_step              OPTIONS, POST        /admin/tutorials/<int:simulation_id>/steps
tutorial.update_step           OPTIONS, PUT         /admin/tutorials/steps/<int:step_id>
tutorial.delete_step           DELETE, OPTIONS      /admin/tutorials/steps/<int:step_id>
tutorial.upload_step_media     OPTIONS, POST        /admin/tutorials/steps/<int:step_id>/media
troubleshooting_api.create_troubleshooting OPTIONS, POST        /api/admin/troubleshooting/
troubleshooting_api.get_troubleshooting GET, HEAD, OPTIONS   /api/admin/troubleshooting/<int:troubleshooting_id>
troubleshooting_api.update_troubleshooting OPTIONS, PUT         /api/admin/troubleshooting/<int:troubleshooting_id>
troubleshooting_api.delete_troubleshooting DELETE, OPTIONS      /api/admin/troubleshooting/<int:troubleshooting_id>
troubleshooting_api.toggle_troubleshooting_status OPTIONS, POST        /api/admin/troubleshooting/<int:troubleshooting_id>/toggle-status
troubleshooting_api.list_troubleshootings GET, HEAD, OPTIONS   /api/admin/troubleshooting/list
troubleshooting_api.preview_troubleshooting OPTIONS, POST        /api/admin/troubleshooting/preview
troubleshooting_api.get_troubleshooting_stats GET, HEAD, OPTIONS   /api/admin/troubleshooting/stats
troubleshooting_api.test_troubleshootings GET, HEAD, OPTIONS   /api/admin/troubleshooting/test
api.clear_challenge_progress   DELETE, OPTIONS      /api/challenge/clear-progress/<challenge_type>
api.get_completed_challenges   GET, HEAD, OPTIONS   /api/challenge/completed-list/<challenge_type>
api.load_challenge_progress    GET, HEAD, OPTIONS   /api/challenge/load-progress/<challenge_type>
api.save_challenge_progress    OPTIONS, POST        /api/challenge/save-progress
api.get_class_details          GET, HEAD, OPTIONS   /api/class/<int:class_id>
api.get_classes                GET, HEAD, OPTIONS   /api/classes
feedback_api.get_feedback_dashboard GET, HEAD, OPTIONS   /api/feedback/dashboard
feedback_api.export_session_data GET, HEAD, OPTIONS   /api/feedback/export/<session_id>
feedback_api.get_feedback_sessions GET, HEAD, OPTIONS   /api/feedback/sessions
feedback_api.get_session_analytics GET, HEAD, OPTIONS   /api/feedback/sessions/<session_id>/analytics
feedback_api.get_user_feedback_summary GET, HEAD, OPTIONS   /api/feedback/user/<int:user_id>/summary
api.join_class                 OPTIONS, POST        /api/join-class
api.leave_class                OPTIONS, POST        /api/leave-class/<int:class_id>
user.get_networking_lesson     GET, HEAD, OPTIONS   /api/networking/lesson/<lesson_id>
api.get_networking_lesson      GET, HEAD, OPTIONS   /api/networking/lesson/<lesson_id>
user.track_networking_progress OPTIONS, POST        /api/networking/track-progress
api.track_networking_progress  OPTIONS, POST        /api/networking/track-progress
api.get_networking1_lesson     GET, HEAD, OPTIONS   /api/networking1/lesson/<lesson_id>
api.get_networking1_lessons    GET, HEAD, OPTIONS   /api/networking1/lessons
api.save_networking1_score     OPTIONS, POST        /api/networking1/save-score
api.get_networking2_lesson     GET, HEAD, OPTIONS   /api/networking2/lesson/<lesson_id>
api.get_networking2_lessons    GET, HEAD, OPTIONS   /api/networking2/lessons
api.track_networking2_progress OPTIONS, POST        /api/networking2/progress
lab_api.get_onboarding_steps   GET, HEAD, OPTIONS   /api/onboarding/steps
lab_api.get_points_balance     GET, HEAD, OPTIONS   /api/points/balance
lab_api.spend_points           OPTIONS, POST        /api/points/spend
progression_api.get_next_simulation GET, HEAD, OPTIONS   /api/progression/learning-path/<int:path_id>/next
progression_api.get_learning_path_progress GET, HEAD, OPTIONS   /api/progression/learning-path/<int:path_id>/progress
progression_api.mark_simulation_complete OPTIONS, POST        /api/progression/simulation/<int:simulation_id>/complete
progression_api.check_simulation_unlock_status GET, HEAD, OPTIONS   /api/progression/simulation/<int:simulation_id>/unlock-status
progression_api.get_user_achievements GET, HEAD, OPTIONS   /api/progression/user/achievements
api.get_questions              GET, HEAD, OPTIONS   /api/questions
api.get_questions_by_lesson    GET, HEAD, OPTIONS   /api/questions/lesson/<int:lesson_id>
api.get_questions_by_module    GET, HEAD, OPTIONS   /api/questions/module/<int:module_id>
api.save_essay                 OPTIONS, POST        /api/save_essay
user.get_topology_config       GET, HEAD, OPTIONS   /api/topology/config/<topology_type>
topology_api.get_topology_config GET, HEAD, OPTIONS   /api/topology/config/<topology_type>
topology_api.debug_topology_json OPTIONS, POST        /api/topology/debug-json
api.get_topologies             GET, HEAD, OPTIONS   /api/topology/list
topology_progress.save_topology_progress OPTIONS, POST        /api/topology/progress
topology_progress.get_all_topology_progress GET, HEAD, OPTIONS   /api/topology/progress
topology_progress.get_topology_progress GET, HEAD, OPTIONS   /api/topology/progress/<topology_type>
user.get_topology_types        GET, HEAD, OPTIONS   /api/topology/types
api.get_topology_types         GET, HEAD, OPTIONS   /api/topology/types
topology_api.get_topology_types GET, HEAD, OPTIONS   /api/topology/types
topology_api.validate_topology OPTIONS, POST        /api/topology/validate
collaborative_troubleshooting_api.get_public_lobbies GET, HEAD, OPTIONS   /api/troubleshooting/collaborative/lobbies
collaborative_troubleshooting_api.get_lobby_details GET, HEAD, OPTIONS   /api/troubleshooting/collaborative/lobby/<lobby_id>
collaborative_troubleshooting_api.assign_moderator OPTIONS, POST        /api/troubleshooting/collaborative/lobby/<lobby_id>/assign-moderator
collaborative_troubleshooting_api.close_lobby OPTIONS, POST        /api/troubleshooting/collaborative/lobby/<lobby_id>/close
collaborative_troubleshooting_api.join_lobby OPTIONS, POST        /api/troubleshooting/collaborative/lobby/<lobby_id>/join
collaborative_troubleshooting_api.kick_user OPTIONS, POST        /api/troubleshooting/collaborative/lobby/<lobby_id>/kick
collaborative_troubleshooting_api.lock_lobby OPTIONS, POST        /api/troubleshooting/collaborative/lobby/<lobby_id>/lock
collaborative_troubleshooting_api.revoke_moderator OPTIONS, POST        /api/troubleshooting/collaborative/lobby/<lobby_id>/revoke-moderator
collaborative_troubleshooting_api.leave_lobby OPTIONS, POST        /api/troubleshooting/collaborative/lobby/leave
collaborative_troubleshooting_api.get_my_lobby GET, HEAD, OPTIONS   /api/troubleshooting/collaborative/my-lobby
collaborative_troubleshooting_api.get_lobby_stats GET, HEAD, OPTIONS   /api/troubleshooting/collaborative/stats
user_assignments.assignment_list GET, HEAD, OPTIONS   /assignments/
user_assignments.view_assignment GET, HEAD, OPTIONS   /assignments/<int:assignment_id>
user_assignments.api_assignment_details GET, HEAD, OPTIONS   /assignments/<int:assignment_id>/api/details
user_assignments.api_submit_assignment OPTIONS, POST        /assignments/<int:assignment_id>/api/submit
user_assignments.submit_assignment_form GET, HEAD, OPTIONS   /assignments/<int:assignment_id>/submit
user.challenges                GET, HEAD, OPTIONS   /challenges
user.class_detail_universal    GET, HEAD, OPTIONS   /class/<int:class_id>
universal_class.dynamic_class_detail GET, HEAD, OPTIONS   /class/<int:class_id>
user.class_detail_universal    GET, HEAD, OPTIONS   /class/<int:class_id>/
universal_class.api_get_content GET, HEAD, OPTIONS   /class/<int:class_id>/api/content
universal_class.api_get_first_lesson GET, HEAD, OPTIONS   /class/<int:class_id>/api/first-lesson
universal_class.api_get_progress GET, HEAD, OPTIONS   /class/<int:class_id>/api/progress
universal_class.assessment_detail GET, HEAD, OPTIONS   /class/<int:class_id>/assessment/<int:assessment_id>
universal_class.module_detail  GET, HEAD, OPTIONS   /class/<int:class_id>/module/<int:module_id>
universal_class.simulation_detail GET, HEAD, OPTIONS   /class/<int:class_id>/simulation/<int:simulation_id>
universal_class.api_get_assignment GET, HEAD, OPTIONS   /class/api/assignments/<int:assignment_id>
user.classes                   GET, HEAD, OPTIONS   /classes
user.crimping_simulation       GET, HEAD, OPTIONS   /crimp
crimp                          GET, HEAD, OPTIONS, POST /crimp
user.crimping_simulation       GET, HEAD, OPTIONS   /crimping-simulation
user.dashboard                 GET, HEAD, OPTIONS   /dashboard
user.debug_auth                GET, HEAD, OPTIONS   /debug-auth
user.delete_score              OPTIONS, POST        /delete_score/<int:score_id>
delete_score                   OPTIONS, POST        /delete_score/<int:score_id>
dynamic_simulations.get_current_device_count_api GET, HEAD, OPTIONS   /dynamic/api/get_current_device_count
dynamic_simulations.get_instructor_topology GET, HEAD, OPTIONS   /dynamic/api/simulation/<int:simulation_id>/admin-topology
dynamic_simulations.autosave_simulation_progress OPTIONS, POST        /dynamic/api/simulation/<int:simulation_id>/autosave
dynamic_simulations.check_command_execution OPTIONS, POST        /dynamic/api/simulation/<int:simulation_id>/check-command
dynamic_simulations.check_device_requirements OPTIONS, POST        /dynamic/api/simulation/<int:simulation_id>/check-devices
dynamic_simulations.get_collaboration_settings GET, HEAD, OPTIONS   /dynamic/api/simulation/<int:simulation_id>/collaboration-settings
dynamic_simulations.complete_simulation OPTIONS, POST        /dynamic/api/simulation/<int:simulation_id>/complete
dynamic_simulations.get_current_device_count GET, HEAD, OPTIONS   /dynamic/api/simulation/<int:simulation_id>/current-device-count
dynamic_simulations.update_device_configuration OPTIONS, POST        /dynamic/api/simulation/<int:simulation_id>/device-config
dynamic_simulations.get_device_configuration GET, HEAD, OPTIONS   /dynamic/api/simulation/<int:simulation_id>/device-config/<device_id>
dynamic_simulations.execute_cli_command OPTIONS, POST        /dynamic/api/simulation/<int:simulation_id>/execute-cli
dynamic_simulations.export_simulation GET, HEAD, OPTIONS   /dynamic/api/simulation/<int:simulation_id>/export
dynamic_simulations.join_collaboration_lobby OPTIONS, POST        /dynamic/api/simulation/<int:simulation_id>/join-lobby
dynamic_simulations.get_network_config_api GET, HEAD, OPTIONS   /dynamic/api/simulation/<int:simulation_id>/network-config
dynamic_simulations.save_network_config_api OPTIONS, POST        /dynamic/api/simulation/<int:simulation_id>/network-config
dynamic_simulations.validate_network_config_api OPTIONS, POST        /dynamic/api/simulation/<int:simulation_id>/network-config/validate
dynamic_simulations.update_network_state OPTIONS, POST        /dynamic/api/simulation/<int:simulation_id>/network-state
dynamic_simulations.start_simulation OPTIONS, POST        /dynamic/api/simulation/<int:simulation_id>/start
dynamic_simulations.submit_step OPTIONS, POST        /dynamic/api/simulation/<int:simulation_id>/submit-step
dynamic_simulations.get_user_task_assignment GET, HEAD, OPTIONS   /dynamic/api/simulation/<int:simulation_id>/task-assignment
dynamic_simulations.get_simulation_task_config GET, HEAD, OPTIONS   /dynamic/api/simulation/<int:simulation_id>/task-config
dynamic_simulations.get_task_mode GET, HEAD, OPTIONS   /dynamic/api/simulation/<int:simulation_id>/task-mode
dynamic_simulations.get_task_progress GET, HEAD, OPTIONS   /dynamic/api/simulation/<int:simulation_id>/task-progress
dynamic_simulations.save_task_progress OPTIONS, POST        /dynamic/api/simulation/<int:simulation_id>/task-progress
dynamic_simulations.get_simulation_topology_config GET, HEAD, OPTIONS   /dynamic/api/simulation/<int:simulation_id>/topology
dynamic_simulations.get_simulation_topology GET, HEAD, OPTIONS   /dynamic/api/simulation/<int:simulation_id>/topology
dynamic_simulations.validate_simulation_topology OPTIONS, POST        /dynamic/api/simulation/<int:simulation_id>/topology/validate
dynamic_simulations.troubleshooting_api OPTIONS, POST        /dynamic/api/simulation/<int:simulation_id>/troubleshoot
dynamic_simulations.validate_device_api OPTIONS, POST        /dynamic/api/simulation/<int:simulation_id>/validate-device
dynamic_simulations.validate_network_api OPTIONS, POST        /dynamic/api/simulation/<int:simulation_id>/validate-network
dynamic_simulations.validate_simulation_step OPTIONS, POST        /dynamic/api/simulation/<int:simulation_id>/validate-step
dynamic_simulations.simulations_dashboard GET, HEAD, OPTIONS   /dynamic/dashboard
dynamic_simulations.learning_path_view GET, HEAD, OPTIONS   /dynamic/learning-path/<int:path_id>
dynamic_simulations.my_simulations GET, HEAD, OPTIONS   /dynamic/my-simulations
dynamic_simulations.run_simulation GET, HEAD, OPTIONS   /dynamic/simulation/<int:simulation_id>
dynamic_simulations.confirm_simulation GET, HEAD, OPTIONS   /dynamic/simulation/<int:simulation_id>/confirm
dynamic_simulations.generate_qr_code GET, HEAD, OPTIONS   /dynamic/simulation/<int:simulation_id>/qr
dynamic_simulations.get_simulation_tutorial GET, HEAD, OPTIONS   /dynamic/simulation/<int:simulation_id>/tutorial
enhanced_user.enhanced_class_detail GET, HEAD, OPTIONS   /enhanced/class/<int:class_id>/enhanced
enhanced_user.enhanced_networking1_simulations GET, HEAD, OPTIONS   /enhanced/networking1-simulations
enhanced_user.enhanced_networking2_simulations GET, HEAD, OPTIONS   /enhanced/networking2-simulations
enhanced_user.unified_simulation_runner GET, HEAD, OPTIONS   /enhanced/simulation/<simulation_id>
auth.landing                   GET, HEAD, OPTIONS   /instructor/
dashboard.index                GET, HEAD, OPTIONS   /instructor/
question.index                 GET, HEAD, OPTIONS   /instructor/
essay.view                     GET, HEAD, OPTIONS   /instructor/<int:essay_id>
essay.delete                   OPTIONS, POST        /instructor/<int:essay_id>/delete
essay.edit                     OPTIONS, POST        /instructor/<int:essay_id>/edit
essay.review                   OPTIONS, POST        /instructor/<int:essay_id>/review
question.question_detail       DELETE, GET, HEAD, OPTIONS /instructor/<int:question_id>
admin_user.add_user            OPTIONS, POST        /instructor/add
question.add_question          GET, HEAD, OPTIONS, POST /instructor/add
admin_user.add_admin           GET, HEAD, OPTIONS, POST /instructor/admins/add
admin_user.delete_admin        OPTIONS, POST        /instructor/admins/delete/<int:instructor_id>
admin_user.edit_admin          GET, HEAD, OPTIONS, POST /instructor/admins/edit/<int:instructor_id>
dashboard.analytics_dashboard  GET, HEAD, OPTIONS   /instructor/analytics-dashboard
admin_user.get_user_essays     GET, HEAD, OPTIONS   /instructor/api/<int:user_id>/essays
dashboard.api_activity_feed    GET, HEAD, OPTIONS   /instructor/api/analytics/activity-feed
dashboard.activity_feed        GET, HEAD, OPTIONS   /instructor/api/analytics/activity-feed
dashboard.api_chart_data       GET, HEAD, OPTIONS   /instructor/api/analytics/chart-data/<chart_type>
dashboard.chart_category_performance GET, HEAD, OPTIONS   /instructor/api/analytics/chart-data/category-performance
dashboard.chart_engagement_heatmap GET, HEAD, OPTIONS   /instructor/api/analytics/chart-data/engagement-heatmap
dashboard.chart_performance_trend GET, HEAD, OPTIONS   /instructor/api/analytics/chart-data/performance-trend
dashboard.chart_score_distribution GET, HEAD, OPTIONS   /instructor/api/analytics/chart-data/score-distribution
dashboard.api_comparative_analysis GET, HEAD, OPTIONS   /instructor/api/analytics/comparative
dashboard.api_engagement_analytics GET, HEAD, OPTIONS   /instructor/api/analytics/engagement
dashboard.export_analytics_report GET, HEAD, OPTIONS   /instructor/api/analytics/export/<format_type>
dashboard.api_learning_path_analytics GET, HEAD, OPTIONS   /instructor/api/analytics/learning-paths
dashboard.api_performance_analytics GET, HEAD, OPTIONS   /instructor/api/analytics/performance
dashboard.api_real_time_metrics GET, HEAD, OPTIONS   /instructor/api/analytics/real-time
dashboard.real_time_metrics    GET, HEAD, OPTIONS   /instructor/api/analytics/real-time
instructor_api.get_assignment_availability GET, HEAD, OPTIONS   /instructor/api/assignments/<int:assignment_id>/availability
instructor_api.set_assignment_availability OPTIONS, POST, PUT   /instructor/api/assignments/<int:assignment_id>/availability
instructor_api.check_assignment_availability GET, HEAD, OPTIONS   /instructor/api/assignments/<int:assignment_id>/availability-check
instructor_api.grant_bulk_assignment_extension OPTIONS, POST        /instructor/api/assignments/<int:assignment_id>/bulk-extension
instructor_api.update_assignment_due_date OPTIONS, PUT         /instructor/api/assignments/<int:assignment_id>/due-date
instructor_api.get_assignment_extensions GET, HEAD, OPTIONS   /instructor/api/assignments/<int:assignment_id>/extensions
instructor_api.grant_deadline_extension OPTIONS, POST        /instructor/api/assignments/<int:assignment_id>/extensions
instructor_api.calculate_assignment_penalties OPTIONS, POST        /instructor/api/assignments/<int:assignment_id>/penalty-calculation
question.get_questions_by_topic_api GET, HEAD, OPTIONS   /instructor/api/by_topic
dashboard.chart_data           GET, HEAD, OPTIONS   /instructor/api/chart-data
dashboard.bulk_user_action     OPTIONS, POST        /instructor/api/class/<int:class_id>/bulk-action
dashboard.get_class_content    GET, HEAD, OPTIONS   /instructor/api/class/<int:class_id>/content
dashboard.create_class_content OPTIONS, POST        /instructor/api/class/<int:class_id>/content
dashboard.get_class_content_item GET, HEAD, OPTIONS   /instructor/api/class/<int:class_id>/content/<content_type>/<int:content_id>
dashboard.update_class_content OPTIONS, PUT         /instructor/api/class/<int:class_id>/content/<content_type>/<int:content_id>
dashboard.delete_class_content DELETE, OPTIONS      /instructor/api/class/<int:class_id>/content/<content_type>/<int:content_id>
dashboard.get_educational_tools GET, HEAD, OPTIONS   /instructor/api/class/<int:class_id>/educational-tools
dashboard.integrate_educational_tool OPTIONS, POST        /instructor/api/class/<int:class_id>/integrate-tool
dashboard.invite_users_to_class OPTIONS, POST        /instructor/api/class/<int:class_id>/invite-users
dashboard.search_class_students GET, HEAD, OPTIONS   /instructor/api/class/<int:class_id>/students/search
dashboard.upload_class_material OPTIONS, POST        /instructor/api/class/<int:class_id>/upload-material
class_controller.get_classes   GET, HEAD, OPTIONS   /instructor/api/classes
class_controller.create_class  OPTIONS, POST        /instructor/api/classes
instructor_api.get_classes     GET, HEAD, OPTIONS   /instructor/api/classes
instructor_api.create_class    OPTIONS, POST        /instructor/api/classes
class_controller.get_class     GET, HEAD, OPTIONS   /instructor/api/classes/<int:class_id>
class_controller.update_class  OPTIONS, PUT         /instructor/api/classes/<int:class_id>
class_controller.delete_class  DELETE, OPTIONS      /instructor/api/classes/<int:class_id>
instructor_api.get_class       GET, HEAD, OPTIONS   /instructor/api/classes/<int:class_id>
class_content_controller_old.get_class_assignments GET, HEAD, OPTIONS   /instructor/api/classes/<int:class_id>/assignments
class_content_controller_old.create_class_assignment OPTIONS, POST        /instructor/api/classes/<int:class_id>/assignments
instructor_api.get_class_assignments GET, HEAD, OPTIONS   /instructor/api/classes/<int:class_id>/assignments
class_content_controller_old.get_class_assignment GET, HEAD, OPTIONS   /instructor/api/classes/<int:class_id>/assignments/<int:assignment_id>
class_content_controller_old.update_class_assignment OPTIONS, PUT         /instructor/api/classes/<int:class_id>/assignments/<int:assignment_id>
class_content_controller_old.delete_class_assignment DELETE, OPTIONS      /instructor/api/classes/<int:class_id>/assignments/<int:assignment_id>
class_content_controller_old.copy_assignment_to_class OPTIONS, POST        /instructor/api/classes/<int:class_id>/assignments/<int:assignment_id>/copy-to/<int:target_class_id>
class_content_controller_old.assign_simulation_to_class OPTIONS, POST        /instructor/api/classes/<int:class_id>/content/simulations
class_content_controller_old.unassign_simulation_from_class DELETE, OPTIONS      /instructor/api/classes/<int:class_id>/content/simulations/<int:simulation_id>
class_content_controller_old.get_class_content_summary GET, HEAD, OPTIONS   /instructor/api/classes/<int:class_id>/content/summary
instructor_api.get_class_deadline_report GET, HEAD, OPTIONS   /instructor/api/classes/<int:class_id>/deadline-report
class_controller.export_class_csv GET, HEAD, OPTIONS   /instructor/api/classes/<int:class_id>/export/csv
class_controller.export_class_pdf GET, HEAD, OPTIONS   /instructor/api/classes/<int:class_id>/export/pdf
class_content_controller_old.invite_students_to_class OPTIONS, POST        /instructor/api/classes/<int:class_id>/invite-students
class_content_controller_old.get_class_materials GET, HEAD, OPTIONS   /instructor/api/classes/<int:class_id>/materials
class_content_controller_old.create_class_material OPTIONS, POST        /instructor/api/classes/<int:class_id>/materials
class_content_controller_old.delete_class_material DELETE, OPTIONS      /instructor/api/classes/<int:class_id>/materials/<int:material_id>
class_content_controller_old.get_class_modules GET, HEAD, OPTIONS   /instructor/api/classes/<int:class_id>/modules
class_content_controller_old.create_class_module OPTIONS, POST        /instructor/api/classes/<int:class_id>/modules
enhanced_module.get_class_modules_api GET, HEAD, OPTIONS   /instructor/api/classes/<int:class_id>/modules
class_content_controller_old.get_class_module GET, HEAD, OPTIONS   /instructor/api/classes/<int:class_id>/modules/<int:module_id>
class_content_controller_old.update_class_module OPTIONS, PUT         /instructor/api/classes/<int:class_id>/modules/<int:module_id>
class_content_controller_old.delete_class_module DELETE, OPTIONS      /instructor/api/classes/<int:class_id>/modules/<int:module_id>
enhanced_module.get_module_details_api GET, HEAD, OPTIONS   /instructor/api/classes/<int:class_id>/modules/<int:module_id>
enhanced_module.update_module_api OPTIONS, POST        /instructor/api/classes/<int:class_id>/modules/<int:module_id>
enhanced_module.delete_module_api DELETE, OPTIONS      /instructor/api/classes/<int:class_id>/modules/<int:module_id>
class_content_controller_old.get_module_lessons GET, HEAD, OPTIONS   /instructor/api/classes/<int:class_id>/modules/<int:module_id>/lessons
class_content_controller_old.create_module_lesson OPTIONS, POST        /instructor/api/classes/<int:class_id>/modules/<int:module_id>/lessons
class_content_controller_old.update_module_lesson OPTIONS, PUT         /instructor/api/classes/<int:class_id>/modules/<int:module_id>/lessons/<int:lesson_id>
class_content_controller_old.delete_module_lesson DELETE, OPTIONS      /instructor/api/classes/<int:class_id>/modules/<int:module_id>/lessons/<int:lesson_id>
class_content_controller_old.get_module_preview GET, HEAD, OPTIONS   /instructor/api/classes/<int:class_id>/modules/<int:module_id>/preview
instructor_api.get_module_preview_data GET, HEAD, OPTIONS   /instructor/api/classes/<int:class_id>/modules/<int:module_id>/preview
class_content_controller_old.get_module_preview_html GET, HEAD, OPTIONS   /instructor/api/classes/<int:class_id>/modules/<int:module_id>/preview/html
enhanced_module.reorder_module OPTIONS, POST        /instructor/api/classes/<int:class_id>/modules/<int:module_id>/reorder
enhanced_module.toggle_module_active OPTIONS, POST        /instructor/api/classes/<int:class_id>/modules/<int:module_id>/toggle
enhanced_module.renumber_modules_api OPTIONS, POST        /instructor/api/classes/<int:class_id>/modules/renumber
class_controller.add_question_group_to_class OPTIONS, POST        /instructor/api/classes/<int:class_id>/question-groups
class_content_controller_old.get_class_question_groups GET, HEAD, OPTIONS   /instructor/api/classes/<int:class_id>/question-groups
instructor_api.get_class_question_groups GET, HEAD, OPTIONS   /instructor/api/classes/<int:class_id>/question-groups
class_controller.remove_question_group_from_class DELETE, OPTIONS      /instructor/api/classes/<int:class_id>/question-groups/<int:group_id>
class_content_controller_old.unassign_question_group_from_class DELETE, OPTIONS      /instructor/api/classes/<int:class_id>/question-groups/<int:group_id>
class_content_controller_old.get_question_group_details GET, HEAD, OPTIONS   /instructor/api/classes/<int:class_id>/question-groups/<int:group_id>
class_content_controller_old.assign_question_group_to_class OPTIONS, POST        /instructor/api/classes/<int:class_id>/question-groups/<int:group_id>/assign
class_content_controller_old.get_available_question_groups GET, HEAD, OPTIONS   /instructor/api/classes/<int:class_id>/question-groups/available
class_content_controller_old.create_class_question_group OPTIONS, POST        /instructor/api/classes/<int:class_id>/question-groups/create
class_controller.regenerate_class_template OPTIONS, POST        /instructor/api/classes/<int:class_id>/regenerate-template
class_content_controller_old.get_class_simulations GET, HEAD, OPTIONS   /instructor/api/classes/<int:class_id>/simulations
instructor_api.get_class_simulations GET, HEAD, OPTIONS   /instructor/api/classes/<int:class_id>/simulations
class_content_controller_old.remove_class_simulation DELETE, OPTIONS      /instructor/api/classes/<int:class_id>/simulations/<int:simulation_id>
dashboard.add_student_to_class OPTIONS, POST        /instructor/api/classes/<int:class_id>/students
class_controller.get_class_students GET, HEAD, OPTIONS   /instructor/api/classes/<int:class_id>/students
class_controller.add_student_to_class_by_username OPTIONS, POST        /instructor/api/classes/<int:class_id>/students
instructor_api.get_class_students GET, HEAD, OPTIONS   /instructor/api/classes/<int:class_id>/students
dashboard.remove_student_from_class DELETE, OPTIONS      /instructor/api/classes/<int:class_id>/students/<int:student_id>
class_controller.remove_student_from_class DELETE, OPTIONS      /instructor/api/classes/<int:class_id>/students/<int:student_id>
class_content_controller_old.remove_student_from_class DELETE, OPTIONS      /instructor/api/classes/<int:class_id>/students/<int:student_id>
class_content_controller_old.send_student_message OPTIONS, POST        /instructor/api/classes/<int:class_id>/students/<int:student_id>/message
class_content_controller_old.get_student_progress GET, HEAD, OPTIONS   /instructor/api/classes/<int:class_id>/students/<int:student_id>/progress
instructor_api.export_students GET, HEAD, OPTIONS   /instructor/api/classes/<int:class_id>/students/export
class_content_controller_old.generate_class_template OPTIONS, POST        /instructor/api/classes/<int:class_id>/template/generate
instructor_api.remove_user_from_class DELETE, OPTIONS      /instructor/api/classes/<int:class_id>/users/<int:user_id>
instructor_api.add_users_to_class OPTIONS, POST        /instructor/api/classes/<int:class_id>/users/add
instructor_api.get_available_users GET, HEAD, OPTIONS   /instructor/api/classes/<int:class_id>/users/available
instructor_api.get_collaboration_chat GET, HEAD, OPTIONS   /instructor/api/collaboration/<int:collaboration_id>/chat
instructor_api.get_collaboration_details GET, HEAD, OPTIONS   /instructor/api/collaboration/<int:collaboration_id>/details
instructor_api.end_collaboration OPTIONS, POST        /instructor/api/collaboration/<int:collaboration_id>/end
instructor_api.get_collaboration_files GET, HEAD, OPTIONS   /instructor/api/collaboration/<int:collaboration_id>/files
instructor_api.join_collaboration OPTIONS, POST        /instructor/api/collaboration/<int:collaboration_id>/join
instructor_api.get_collaboration_progress GET, HEAD, OPTIONS   /instructor/api/collaboration/<int:collaboration_id>/progress
instructor_api.get_collaboration_screen GET, HEAD, OPTIONS   /instructor/api/collaboration/<int:collaboration_id>/screen
instructor_api.get_active_collaborations GET, HEAD, OPTIONS   /instructor/api/collaboration/active
instructor_api.get_collaboration_classes GET, HEAD, OPTIONS   /instructor/api/collaboration/classes
instructor_api.get_collaboration_class_students GET, HEAD, OPTIONS   /instructor/api/collaboration/classes/<int:class_id>/students
instructor_api.download_collaboration_file GET, HEAD, OPTIONS   /instructor/api/collaboration/files/<int:file_id>/download
instructor_api.get_all_lobbies GET, HEAD, OPTIONS   /instructor/api/collaboration/lobbies
instructor_api.create_lobby    OPTIONS, POST        /instructor/api/collaboration/lobbies
instructor_api.get_active_lobbies GET, HEAD, OPTIONS   /instructor/api/collaboration/lobbies/active
instructor_api.close_lobby     OPTIONS, POST        /instructor/api/collaboration/lobby/<lobby_id>/close
instructor_api.get_collaboration_settings GET, HEAD, OPTIONS   /instructor/api/collaboration/settings
instructor_api.save_collaboration_settings OPTIONS, POST        /instructor/api/collaboration/settings
instructor_api.get_simulation_collaboration_settings GET, HEAD, OPTIONS   /instructor/api/collaboration/simulation/<int:simulation_id>/collaboration
instructor_api.save_simulation_collaboration_settings OPTIONS, POST        /instructor/api/collaboration/simulation/<int:simulation_id>/collaboration
instructor_api.get_simulation_collaboration_lobby GET, HEAD, OPTIONS   /instructor/api/collaboration/simulation/<int:simulation_id>/lobby
instructor_api.start_simulation_collaboration_lobby OPTIONS, POST        /instructor/api/collaboration/simulation/<int:simulation_id>/start-lobby
instructor_api.stop_simulation_collaboration_lobby OPTIONS, POST        /instructor/api/collaboration/simulation/<int:simulation_id>/stop-lobby
instructor_api.get_collaboration_stats GET, HEAD, OPTIONS   /instructor/api/collaboration/stats
instructor_api.save_collaboration_teams OPTIONS, POST        /instructor/api/collaboration/teams
instructor_api.get_deadline_policies GET, HEAD, OPTIONS   /instructor/api/deadline-policies
instructor_api.create_deadline_policy OPTIONS, POST        /instructor/api/deadline-policies
instructor_api.update_deadline_policy OPTIONS, PUT         /instructor/api/deadline-policies/<int:policy_id>
instructor_api.delete_deadline_policy DELETE, OPTIONS      /instructor/api/deadline-policies/<int:policy_id>
instructor_api.get_all_deadlines GET, HEAD, OPTIONS   /instructor/api/deadlines
instructor_api.get_deadlines   GET, HEAD, OPTIONS   /instructor/api/deadlines/<int:class_id>
dashboard.debug_auth_status    GET, HEAD, OPTIONS   /instructor/api/debug/auth-status
enhanced_module.debug_delete_module_now GET, HEAD, OPTIONS   /instructor/api/debug/modules/<int:module_id>/delete-now
enhanced_module.debug_test_delete_module GET, HEAD, OPTIONS   /instructor/api/debug/modules/<int:module_id>/test-delete
dashboard.debug_test_analytics GET, HEAD, OPTIONS   /instructor/api/debug/test-analytics
device_sync.get_canonical_device_count GET, HEAD, OPTIONS   /instructor/api/device-sync/simulation/<int:simulation_id>/canonical-count
device_sync.device_consistency_check GET, HEAD, OPTIONS   /instructor/api/device-sync/simulation/<int:simulation_id>/device-consistency-check
device_sync.sync_device_count  OPTIONS, POST        /instructor/api/device-sync/simulation/<int:simulation_id>/sync-devices
essay.api_get_essay            GET, HEAD, OPTIONS   /instructor/api/essays/<int:essay_id>
essay.api_grade_essay          OPTIONS, POST        /instructor/api/essays/<int:essay_id>/grade
essay.get_class_essays         GET, HEAD, OPTIONS   /instructor/api/essays/class/<int:class_id>
dashboard.export_analytics     GET, HEAD, OPTIONS   /instructor/api/export/analytics
dashboard.export_filtered_data GET, HEAD, OPTIONS   /instructor/api/export/filtered-data
instructor_api.update_deadline_extension OPTIONS, PUT         /instructor/api/extensions/<int:extension_id>
instructor_api.revoke_deadline_extension DELETE, OPTIONS      /instructor/api/extensions/<int:extension_id>
class_controller.generate_class_code GET, HEAD, OPTIONS   /instructor/api/generate-class-code
instructor_api.generate_class_code GET, HEAD, OPTIONS   /instructor/api/generate-class-code
instructor_api.get_class_grades GET, HEAD, OPTIONS   /instructor/api/grades/<int:class_id>
question.group_questions_api   OPTIONS, POST        /instructor/api/group_questions
lesson.api_get_lesson          GET, HEAD, OPTIONS   /instructor/api/lessons/<int:lesson_id>
lesson.get_lesson_api          GET, HEAD, OPTIONS   /instructor/api/lessons/<int:lesson_id>
lesson.update_lesson_content_with_layout OPTIONS, PUT         /instructor/api/lessons/<int:lesson_id>/content
lesson.update_lesson_layout    OPTIONS, PUT         /instructor/api/lessons/<int:lesson_id>/layout
lesson.get_lesson_layout       GET, HEAD, OPTIONS   /instructor/api/lessons/<int:lesson_id>/layout
lesson.get_lesson_media        GET, HEAD, OPTIONS   /instructor/api/lessons/<int:lesson_id>/media
lesson.upload_lesson_media     OPTIONS, POST        /instructor/api/lessons/<int:lesson_id>/media/upload
lesson.api_lesson_progress     GET, HEAD, OPTIONS   /instructor/api/lessons/<int:lesson_id>/progress
lesson.update_lesson_api       OPTIONS, PUT         /instructor/api/lessons/<int:lesson_id>/update
live_quiz_instructor.get_session GET, HEAD, OPTIONS   /instructor/api/live-quiz/<int:session_id>
live_quiz_instructor.delete_session DELETE, OPTIONS      /instructor/api/live-quiz/<int:session_id>/delete
live_quiz_instructor.end_session OPTIONS, POST        /instructor/api/live-quiz/<int:session_id>/end
live_quiz_instructor.get_instructor_leaderboard GET, HEAD, OPTIONS   /instructor/api/live-quiz/<int:session_id>/leaderboard
live_quiz_instructor.next_question OPTIONS, POST        /instructor/api/live-quiz/<int:session_id>/next-question
live_quiz_instructor.get_participants GET, HEAD, OPTIONS   /instructor/api/live-quiz/<int:session_id>/participants
live_quiz_instructor.start_session OPTIONS, POST        /instructor/api/live-quiz/<int:session_id>/start
live_quiz_instructor.create_quiz_session OPTIONS, POST        /instructor/api/live-quiz/create
live_quiz_instructor.delete_session DELETE, OPTIONS      /instructor/api/live-quiz/session/<int:session_id>/delete
live_quiz_instructor.end_session OPTIONS, POST        /instructor/api/live-quiz/session/<int:session_id>/end
live_quiz_instructor.get_instructor_leaderboard GET, HEAD, OPTIONS   /instructor/api/live-quiz/session/<int:session_id>/leaderboard
live_quiz_instructor.next_question OPTIONS, POST        /instructor/api/live-quiz/session/<int:session_id>/next-question
live_quiz_instructor.get_participants GET, HEAD, OPTIONS   /instructor/api/live-quiz/session/<int:session_id>/participants
live_quiz_instructor.start_session OPTIONS, POST        /instructor/api/live-quiz/session/<int:session_id>/start
live_quiz_instructor.get_all_sessions GET, HEAD, OPTIONS   /instructor/api/live-quiz/sessions
instructor_api.get_instructor_lobbies GET, HEAD, OPTIONS   /instructor/api/lobbies
instructor_api.create_instructor_lobby OPTIONS, POST        /instructor/api/lobbies
instructor_api.delete_instructor_lobby DELETE, OPTIONS      /instructor/api/lobbies/<lobby_id>
instructor_api.get_lobby_participants GET, HEAD, OPTIONS   /instructor/api/lobbies/<lobby_id>/participants
instructor_api.assign_assignment_to_module OPTIONS, POST        /instructor/api/modules/<int:module_id>/assign-assignment
instructor_api.assign_question_group_to_module OPTIONS, POST        /instructor/api/modules/<int:module_id>/assign-question-group
instructor_api.assign_simulation_to_module OPTIONS, POST        /instructor/api/modules/<int:module_id>/assign-simulation
instructor_api.get_module_content GET, HEAD, OPTIONS   /instructor/api/modules/<int:module_id>/content
lesson.api_reorder_lessons     OPTIONS, POST        /instructor/api/modules/<int:module_id>/lessons/reorder
instructor_api.unassign_assignment_from_module DELETE, OPTIONS      /instructor/api/modules/<int:module_id>/unassign-assignment/<int:assignment_id>
instructor_api.unassign_question_group_from_module DELETE, OPTIONS      /instructor/api/modules/<int:module_id>/unassign-question-group/<int:question_group_id>
instructor_api.unassign_simulation_from_module DELETE, OPTIONS      /instructor/api/modules/<int:module_id>/unassign-simulation/<int:assignment_id>
instructor_api.get_question_groups GET, HEAD, OPTIONS   /instructor/api/question-groups
class_content_controller_old.get_question_group_info GET, HEAD, OPTIONS   /instructor/api/question-groups/<int:group_id>
class_content_controller_old.get_questions_in_group GET, HEAD, OPTIONS   /instructor/api/question-groups/<int:group_id>/questions
class_content_controller_old.create_question_in_group OPTIONS, POST        /instructor/api/question-groups/<int:group_id>/questions
class_content_controller_old.remove_question_from_group DELETE, OPTIONS      /instructor/api/question-groups/<int:group_id>/questions/<int:question_id>/remove
instructor_api.assign_question_group_explicit OPTIONS, POST        /instructor/api/question-groups/assignments/explicit
question.get_questions_api     GET, HEAD, OPTIONS   /instructor/api/questions
class_content_controller_old.update_question OPTIONS, PUT         /instructor/api/questions/<int:question_id>
class_content_controller_old.delete_question DELETE, OPTIONS      /instructor/api/questions/<int:question_id>
instructor_api.render_module_preview OPTIONS, POST        /instructor/api/render-module-preview
dashboard.extend_student_deadline OPTIONS, POST        /instructor/api/student/<int:student_id>/deadline-extension
dashboard.send_student_message OPTIONS, POST        /instructor/api/student/<int:student_id>/message
dashboard.get_student_profile  GET, HEAD, OPTIONS   /instructor/api/student/<int:student_id>/profile
class_controller.get_student_classes GET, HEAD, OPTIONS   /instructor/api/student/classes
instructor_api.get_submission_penalty_details GET, HEAD, OPTIONS   /instructor/api/submissions/<int:submission_id>/penalty-details
instructor_api.test_api        GET, HEAD, OPTIONS   /instructor/api/test
question.get_quiz_topics_api   GET, HEAD, OPTIONS   /instructor/api/topics
question.get_ungrouped_questions_api GET, HEAD, OPTIONS   /instructor/api/ungrouped
essay.get_user_essays          GET, HEAD, OPTIONS   /instructor/api/users/<int:user_id>/essays
audit_log.index                GET, HEAD, OPTIONS   /instructor/audit-logs
admin_user.get_available_classes GET, HEAD, OPTIONS   /instructor/available-classes
admin_user.check_email_availability OPTIONS, POST        /instructor/check-email
admin_user.check_username_availability OPTIONS, POST        /instructor/check-username
class_content_controller_old.class_content_manager_redirect GET, HEAD, OPTIONS   /instructor/class-content-manager
class_content_controller_old.manage_content GET, HEAD, OPTIONS   /instructor/class-content-manager/<int:class_id>
dashboard.class_content_manager GET, HEAD, OPTIONS   /instructor/class-content-selector
class_controller.content_manager GET, HEAD, OPTIONS   /instructor/class/<int:class_id>/content-manager
class_controller.class_overview GET, HEAD, OPTIONS   /instructor/class/<int:class_id>/overview
class_controller.index         GET, HEAD, OPTIONS   /instructor/classes
enhanced_module.delete_module  OPTIONS, POST        /instructor/classes/<int:class_id>/modules/<int:module_id>/delete
enhanced_module.edit_module    GET, HEAD, OPTIONS   /instructor/classes/<int:class_id>/modules/<int:module_id>/edit
enhanced_module.update_module  OPTIONS, POST        /instructor/classes/<int:class_id>/modules/<int:module_id>/edit
lesson.create_lesson           OPTIONS, POST        /instructor/classes/<int:class_id>/modules/<int:module_id>/lessons
lesson.new_lesson              GET, HEAD, OPTIONS   /instructor/classes/<int:class_id>/modules/<int:module_id>/lessons/new
class_content_controller_old.preview_module_page GET, HEAD, OPTIONS   /instructor/classes/<int:class_id>/modules/<int:module_id>/preview
class_content_controller_old.admin_student_view GET, HEAD, OPTIONS   /instructor/classes/<int:class_id>/modules/<int:module_id>/student-view
enhanced_module.create_module_form GET, HEAD, OPTIONS   /instructor/classes/<int:class_id>/modules/create
enhanced_module.create_module  OPTIONS, POST        /instructor/classes/<int:class_id>/modules/create
enhanced_module.new_module_redirect GET, HEAD, OPTIONS   /instructor/classes/<int:class_id>/modules/new
audit_log.clear_logs           OPTIONS, POST        /instructor/clear
admin_user.create_new_user_form GET, HEAD, OPTIONS   /instructor/create-new-user
admin_user.create_new_user     OPTIONS, POST        /instructor/create-new-user
question.create_sample_blank_question GET, HEAD, OPTIONS   /instructor/create_sample_blank_question
dashboard.dashboard_alias      GET, HEAD, OPTIONS   /instructor/dashboard
dashboard.delete_class_content_legacy DELETE, OPTIONS      /instructor/dashboard/class_content/<int:content_id>
question.delete_question_api   DELETE, OPTIONS, POST /instructor/delete/<int:question_id>
score.delete_score             OPTIONS, POST        /instructor/delete/<int:score_id>
admin_user.delete_user         OPTIONS, POST        /instructor/delete/<int:user_id>
admin_user.disable_totp        OPTIONS, POST        /instructor/disable_totp/<int:user_id>
question.edit_question         GET, HEAD, OPTIONS, POST /instructor/edit/<int:question_id>
admin_user.edit_user           GET, HEAD, OPTIONS, POST /instructor/edit/<int:user_id>
admin_user.user_essays         GET, HEAD, OPTIONS   /instructor/essay-responses
essay.index                    GET, HEAD, OPTIONS   /instructor/essays
score.export_scores            GET, HEAD, OPTIONS   /instructor/export
audit_log.export_logs          GET, HEAD, OPTIONS   /instructor/export
dashboard.export_data          GET, HEAD, OPTIONS   /instructor/export-data
auth.forgot_password           GET, HEAD, OPTIONS, POST /instructor/forgot-password
admin_user.generate_totp_secret OPTIONS, POST        /instructor/generate-totp-secret
admin_user.generate_totp       OPTIONS, POST        /instructor/generate_totp/<int:user_id>
question.get_question          GET, HEAD, OPTIONS   /instructor/get/<int:question_id>
question.get_groups            GET, HEAD, OPTIONS   /instructor/get_groups
admin_user.get_totp_info       GET, HEAD, OPTIONS   /instructor/get_totp_info/<int:user_id>
question.group_questions       OPTIONS, POST        /instructor/group_questions
lab_api.create_lab             OPTIONS, POST        /instructor/labs
lab_api.set_deadline           OPTIONS, PUT         /instructor/labs/<int:lab_id>/deadline
lab_api.export_lab             GET, HEAD, OPTIONS   /instructor/labs/<int:lab_id>/export
lab_api.upsert_topology        OPTIONS, PUT         /instructor/labs/<int:lab_id>/topology
lab_api.import_lab             OPTIONS, POST        /instructor/labs/import
lesson.index                   GET, HEAD, OPTIONS   /instructor/lessons
lesson.view_lesson             GET, HEAD, OPTIONS   /instructor/lessons/<int:lesson_id>
lesson.update_lesson           OPTIONS, POST        /instructor/lessons/<int:lesson_id>
lesson.delete_lesson           OPTIONS, POST        /instructor/lessons/<int:lesson_id>/delete
lesson.edit_lesson             GET, HEAD, OPTIONS   /instructor/lessons/<int:lesson_id>/edit
question.list_ungrouped        GET, HEAD, OPTIONS   /instructor/list_ungrouped
auth.login                     GET, HEAD, OPTIONS, POST /instructor/login
auth.logout                    GET, HEAD, OPTIONS   /instructor/logout
dashboard.manage_simulations   GET, HEAD, OPTIONS   /instructor/manage-simulations
enhanced_module.view_module_simple GET, HEAD, OPTIONS   /instructor/modules/<int:module_id>
enhanced_module.edit_module_simple GET, HEAD, OPTIONS   /instructor/modules/<int:module_id>/edit
admin_user.admin_profile       GET, HEAD, OPTIONS   /instructor/profile
dashboard.reports              GET, HEAD, OPTIONS   /instructor/reports
score.reset_scores             OPTIONS, POST        /instructor/reset
auth.reset_password            GET, HEAD, OPTIONS, POST /instructor/reset-password/<token>
admin_user.reset_user_password OPTIONS, POST        /instructor/reset-user-password/<int:user_id>
rnet_viewer.parse_rnet_file    OPTIONS, POST        /instructor/rnet/api/parse
rnet_viewer.get_qr_image       GET, HEAD, OPTIONS   /instructor/rnet/api/qr-image/<file_id>
rnet_viewer.view_rnet_file     GET, HEAD, OPTIONS   /instructor/rnet/viewer
admin_user.list_admin_routes   GET, HEAD, OPTIONS   /instructor/routes
score.index                    GET, HEAD, OPTIONS   /instructor/scores
score.user_scores              GET, HEAD, OPTIONS   /instructor/scores/user/<int:user_id>
admin_user.session_check       GET, HEAD, OPTIONS   /instructor/session-check
auth.signup                    GET, HEAD, OPTIONS, POST /instructor/signup
instructor_simulation.view_simulation GET, HEAD, OPTIONS   /instructor/simulation/<int:simulation_id>
instructor_simulation.simulation_analytics GET, HEAD, OPTIONS   /instructor/simulation/analytics/<int:simulation_id>
instructor_simulation.create_simulation_api OPTIONS, POST        /instructor/simulation/api
instructor_simulation.get_simulation_api GET, HEAD, OPTIONS   /instructor/simulation/api/<int:simulation_id>
instructor_simulation.update_simulation_api OPTIONS, PUT         /instructor/simulation/api/<int:simulation_id>
instructor_simulation.delete_simulation_api DELETE, OPTIONS      /instructor/simulation/api/<int:simulation_id>
instructor_simulation.get_instructor_topology_data GET, HEAD, OPTIONS   /instructor/simulation/api/<int:simulation_id>/admin_topology
instructor_simulation.get_simulation_analytics_api GET, HEAD, OPTIONS   /instructor/simulation/api/<int:simulation_id>/analytics
instructor_simulation.duplicate_simulation_api OPTIONS, POST        /instructor/simulation/api/<int:simulation_id>/duplicate
instructor_simulation.export_simulation_rnetfile GET, HEAD, OPTIONS   /instructor/simulation/api/<int:simulation_id>/export
instructor_simulation.import_simulation_rnetfile OPTIONS, POST        /instructor/simulation/api/<int:simulation_id>/import
instructor_simulation.publish_simulation_api OPTIONS, POST        /instructor/simulation/api/<int:simulation_id>/publish
instructor_simulation.get_task_assignments GET, HEAD, OPTIONS   /instructor/simulation/api/<int:simulation_id>/task-assignments
instructor_simulation.get_task_configuration GET, HEAD, OPTIONS   /instructor/simulation/api/<int:simulation_id>/task-config
instructor_simulation.save_task_configuration OPTIONS, POST        /instructor/simulation/api/<int:simulation_id>/task-config
instructor_simulation.get_instructor_task_mode GET, HEAD, OPTIONS   /instructor/simulation/api/<int:simulation_id>/task_mode
instructor_simulation.unpublish_simulation_api OPTIONS, POST        /instructor/simulation/api/<int:simulation_id>/unpublish
instructor_simulation.validate_step_response OPTIONS, POST        /instructor/simulation/api/<int:simulation_id>/validate/<int:step_index>
instructor_simulation.auto_assign_simulation OPTIONS, POST        /instructor/simulation/api/assignments/auto-assign/<int:simulation_id>
instructor_simulation.create_category_auto_assignment OPTIONS, POST        /instructor/simulation/api/assignments/category
instructor_simulation.get_class_assignments GET, HEAD, OPTIONS   /instructor/simulation/api/assignments/class/<int:class_id>
instructor_simulation.enable_category_auto_assignment OPTIONS, POST        /instructor/simulation/api/assignments/enable-auto/<int:class_id>
instructor_simulation.create_explicit_assignment OPTIONS, POST        /instructor/simulation/api/assignments/explicit
instructor_simulation.create_lesson_assignment OPTIONS, POST        /instructor/simulation/api/assignments/lesson
instructor_simulation.get_assignment_statistics GET, HEAD, OPTIONS   /instructor/simulation/api/assignments/statistics/<int:class_id>
instructor_simulation.create_simulation_from_class_api OPTIONS, POST        /instructor/simulation/api/create
instructor_simulation.create_simulation_with_auto_assign OPTIONS, POST        /instructor/simulation/api/create-with-auto-assign
instructor_simulation.get_learning_paths_api GET, HEAD, OPTIONS   /instructor/simulation/api/learning-paths
instructor_simulation.create_learning_path_api OPTIONS, POST        /instructor/simulation/api/learning-paths
instructor_simulation.add_simulation_to_path_api OPTIONS, POST        /instructor/simulation/api/learning-paths/<int:path_id>/simulations
instructor_simulation.get_simulations_api GET, HEAD, OPTIONS   /instructor/simulation/api/list
instructor_simulation.quick_create_simulation OPTIONS, POST        /instructor/simulation/api/quick-create
instructor_simulation.search_simulations_api GET, HEAD, OPTIONS   /instructor/simulation/api/search
instructor_simulation.get_task_assignment GET, HEAD, OPTIONS   /instructor/simulation/api/task-assignment/<int:assignment_id>
instructor_simulation.grade_task_assignment OPTIONS, POST        /instructor/simulation/api/task-assignment/<int:assignment_id>/grade
instructor_simulation.get_simulation_templates GET, HEAD, OPTIONS   /instructor/simulation/api/templates/<simulation_type>
instructor_simulation.get_available_topologies GET, HEAD, OPTIONS   /instructor/simulation/api/topologies
instructor_simulation.validate_simulation_step OPTIONS, POST        /instructor/simulation/api/validate-step
instructor_simulation.edit_simulation GET, HEAD, OPTIONS   /instructor/simulation/edit/<int:simulation_id>
instructor_simulation.save_simulation_from_troubleshooting_editor OPTIONS, POST        /instructor/simulation/edit/<int:simulation_id>/save
instructor_simulation.get_enhanced_validation_config GET, HEAD, OPTIONS   /instructor/simulation/edit/<int:simulation_id>/validation/config
instructor_simulation.save_enhanced_validation_config OPTIONS, POST        /instructor/simulation/edit/<int:simulation_id>/validation/config
instructor_simulation.validate_simulation_state OPTIONS, POST        /instructor/simulation/edit/<int:simulation_id>/validation/state
instructor_simulation.run_connectivity_tests OPTIONS, POST        /instructor/simulation/edit/<int:simulation_id>/validation/tests
instructor_simulation.new_simulation_troubleshooting_editor GET, HEAD, OPTIONS   /instructor/simulation/edit/new
instructor_simulation.create_simulation_from_troubleshooting_editor OPTIONS, POST        /instructor/simulation/edit/save
class_controller.student_classes GET, HEAD, OPTIONS   /instructor/student-classes
question.test_ungrouped_questions GET, HEAD, OPTIONS   /instructor/test-ungrouped
topology.get_all_topologies    GET, HEAD, OPTIONS   /instructor/topology/
topology.create_topology       OPTIONS, POST        /instructor/topology/
topology.get_topology          GET, HEAD, OPTIONS   /instructor/topology/<int:topology_id>
topology.update_topology       OPTIONS, PUT         /instructor/topology/<int:topology_id>
topology.delete_topology       DELETE, OPTIONS      /instructor/topology/<int:topology_id>
topology.preview_topology      GET, HEAD, OPTIONS   /instructor/topology/<int:topology_id>/preview
topology.toggle_active_status  OPTIONS, POST        /instructor/topology/<int:topology_id>/toggle-active
topology.debug_json            OPTIONS, POST        /instructor/topology/debug-json
topology.debug_topology        GET, HEAD, OPTIONS   /instructor/topology/debug/<int:topology_id>
topology.topology_features_guide GET, HEAD, OPTIONS   /instructor/topology/features-guide
topology.topology_management   GET, HEAD, OPTIONS   /instructor/topology/management
topology.get_topology_types    GET, HEAD, OPTIONS   /instructor/topology/types
instructor_troubleshooting.get_all_troubleshooting GET, HEAD, OPTIONS   /instructor/troubleshooting/
instructor_troubleshooting.create_troubleshooting OPTIONS, POST        /instructor/troubleshooting/
instructor_troubleshooting.get_troubleshooting GET, HEAD, OPTIONS   /instructor/troubleshooting/<int:troubleshooting_id>
instructor_troubleshooting.update_troubleshooting OPTIONS, PUT         /instructor/troubleshooting/<int:troubleshooting_id>
instructor_troubleshooting.delete_troubleshooting DELETE, OPTIONS      /instructor/troubleshooting/<int:troubleshooting_id>
instructor_troubleshooting.preview_troubleshooting GET, HEAD, OPTIONS   /instructor/troubleshooting/<int:troubleshooting_id>/preview
instructor_troubleshooting.validate_solution OPTIONS, POST        /instructor/troubleshooting/<int:troubleshooting_id>/validate
instructor_troubleshooting.simulation_editor_list GET, HEAD, OPTIONS   /instructor/troubleshooting/editor
instructor_troubleshooting.edit_simulation_editor GET, HEAD, OPTIONS   /instructor/troubleshooting/editor/<int:simulation_id>
instructor_troubleshooting.duplicate_simulation OPTIONS, POST        /instructor/troubleshooting/editor/<int:simulation_id>/duplicate
instructor_troubleshooting.save_simulation_editor OPTIONS, POST        /instructor/troubleshooting/editor/<int:simulation_id>/save
instructor_troubleshooting.new_simulation_editor GET, HEAD, OPTIONS   /instructor/troubleshooting/editor/new
instructor_troubleshooting.create_simulation_editor OPTIONS, POST        /instructor/troubleshooting/editor/save
question.get_ungrouped_questions GET, HEAD, OPTIONS   /instructor/ungrouped
admin_user.update_admin_profile OPTIONS, POST        /instructor/update_profile
dashboard.user_management      GET, HEAD, OPTIONS   /instructor/user-management2025-10-27 04:19:26,092 - __main__ - INFO - Development database tables verified
2025-10-27 04:19:26,092 - __main__ - INFO - Starting unified Flask-SocketIO server on 0.0.0.0:5001...
2025-10-27 04:19:26,092 - __main__ - INFO - Debug mode: False
2025-10-27 04:19:26,093 - __main__ - INFO - WebSocket events loaded and ready
2025-10-27 04:19:26,093 - __main__ - INFO - Static files will be served by Flask's built-in handler
message handler error
Traceback (most recent call last):
  File "C:\Users\gilbe\AppData\Local\Programs\Python\Python312\Lib\site-packages\engineio\server.py", line 450, in run_handler
    return self.handlers[event](*args)
           ^^^^^^^^^^^^^^^^^^^^^^^^^^^
  File "C:\Users\gilbe\AppData\Local\Programs\Python\Python312\Lib\site-packages\socketio\server.py", line 652, in _handle_eio_message
    self._handle_connect(eio_sid, pkt.namespace, pkt.data)
  File "C:\Users\gilbe\AppData\Local\Programs\Python\Python312\Lib\site-packages\socketio\server.py", line 538, in _handle_connect
    success = self._trigger_event(
              ^^^^^^^^^^^^^^^^^^^^
  File "C:\Users\gilbe\AppData\Local\Programs\Python\Python312\Lib\site-packages\socketio\server.py", line 617, in _trigger_event
    return handler(*args)
           ^^^^^^^^^^^^^^
  File "C:\Users\gilbe\AppData\Local\Programs\Python\Python312\Lib\site-packages\flask_socketio\__init__.py", line 292, in _handler
    return self._handle_event(handler, message, real_ns, sid,
           ^^^^^^^^^^^^^^^^^^^^^^^^^^^^^^^^^^^^^^^^^^^^^^^^^^
  File "C:\Users\gilbe\AppData\Local\Programs\Python\Python312\Lib\site-packages\flask_socketio\__init__.py", line 802, in _handle_event
    with app.request_context(environ):
  File "C:\Users\gilbe\AppData\Local\Programs\Python\Python312\Lib\site-packages\flask\ctx.py", line 434, in __enter__
    self.push()
  File "C:\Users\gilbe\AppData\Local\Programs\Python\Python312\Lib\site-packages\flask\ctx.py", line 386, in push
    self.session = session_interface.open_session(self.app, self.request)
                   ^^^^^^^^^^^^^^^^^^^^^^^^^^^^^^^^^^^^^^^^^^^^^^^^^^^^^^
  File "C:\Users\gilbe\OneDrive\Desktop\RiddleNet\utils\split_session_interface.py", line 95, in open_session
    chosen = self._select_cookie_for_request()
             ^^^^^^^^^^^^^^^^^^^^^^^^^^^^^^^^^
  File "C:\Users\gilbe\OneDrive\Desktop\RiddleNet\utils\split_session_interface.py", line 72, in _select_cookie_for_request
    print(f"\U0001f36a SplitSession: _select_cookie_for_request called for path: {path}")
  File "C:\Users\gilbe\AppData\Local\Programs\Python\Python312\Lib\encodings\cp1252.py", line 19, in encode
    return codecs.charmap_encode(input,self.errors,encoding_table)[0]
           ^^^^^^^^^^^^^^^^^^^^^^^^^^^^^^^^^^^^^^^^^^^^^^^^^^^^^^^
UnicodeEncodeError: 'charmap' codec can't encode character '\U0001f36a' in position 0: character maps to <undefined>
2025-10-27 04:19:26,449 - engineio.server - ERROR - message handler error
Traceback (most recent call last):
  File "C:\Users\gilbe\AppData\Local\Programs\Python\Python312\Lib\site-packages\engineio\server.py", line 450, in run_handler
    return self.handlers[event](*args)
           ^^^^^^^^^^^^^^^^^^^^^^^^^^^
  File "C:\Users\gilbe\AppData\Local\Programs\Python\Python312\Lib\site-packages\socketio\server.py", line 652, in _handle_eio_message
    self._handle_connect(eio_sid, pkt.namespace, pkt.data)
  File "C:\Users\gilbe\AppData\Local\Programs\Python\Python312\Lib\site-packages\socketio\server.py", line 538, in _handle_connect
    success = self._trigger_event(
              ^^^^^^^^^^^^^^^^^^^^
  File "C:\Users\gilbe\AppData\Local\Programs\Python\Python312\Lib\site-packages\socketio\server.py", line 617, in _trigger_event
    return handler(*args)
           ^^^^^^^^^^^^^^
  File "C:\Users\gilbe\AppData\Local\Programs\Python\Python312\Lib\site-packages\flask_socketio\__init__.py", line 292, in _handler
    return self._handle_event(handler, message, real_ns, sid,
           ^^^^^^^^^^^^^^^^^^^^^^^^^^^^^^^^^^^^^^^^^^^^^^^^^^
  File "C:\Users\gilbe\AppData\Local\Programs\Python\Python312\Lib\site-packages\flask_socketio\__init__.py", line 802, in _handle_event
    with app.request_context(environ):
  File "C:\Users\gilbe\AppData\Local\Programs\Python\Python312\Lib\site-packages\flask\ctx.py", line 434, in __enter__
    self.push()
  File "C:\Users\gilbe\AppData\Local\Programs\Python\Python312\Lib\site-packages\flask\ctx.py", line 386, in push
    self.session = session_interface.open_session(self.app, self.request)
                   ^^^^^^^^^^^^^^^^^^^^^^^^^^^^^^^^^^^^^^^^^^^^^^^^^^^^^^
  File "C:\Users\gilbe\OneDrive\Desktop\RiddleNet\utils\split_session_interface.py", line 95, in open_session
    chosen = self._select_cookie_for_request()
             ^^^^^^^^^^^^^^^^^^^^^^^^^^^^^^^^^
  File "C:\Users\gilbe\OneDrive\Desktop\RiddleNet\utils\split_session_interface.py", line 72, in _select_cookie_for_request
    print(f"\U0001f36a SplitSession: _select_cookie_for_request called for path: {path}")
  File "C:\Users\gilbe\AppData\Local\Programs\Python\Python312\Lib\encodings\cp1252.py", line 19, in encode
    return codecs.charmap_encode(input,self.errors,encoding_table)[0]
           ^^^^^^^^^^^^^^^^^^^^^^^^^^^^^^^^^^^^^^^^^^^^^^^^^^^^^^^
UnicodeEncodeError: 'charmap' codec can't encode character '\U0001f36a' in position 0: character maps to <undefined>
message handler error
Traceback (most recent call last):
  File "C:\Users\gilbe\AppData\Local\Programs\Python\Python312\Lib\site-packages\engineio\server.py", line 450, in run_handler
    return self.handlers[event](*args)
           ^^^^^^^^^^^^^^^^^^^^^^^^^^^
  File "C:\Users\gilbe\AppData\Local\Programs\Python\Python312\Lib\site-packages\socketio\server.py", line 652, in _handle_eio_message
    self._handle_connect(eio_sid, pkt.namespace, pkt.data)
  File "C:\Users\gilbe\AppData\Local\Programs\Python\Python312\Lib\site-packages\socketio\server.py", line 538, in _handle_connect
    success = self._trigger_event(
              ^^^^^^^^^^^^^^^^^^^^
  File "C:\Users\gilbe\AppData\Local\Programs\Python\Python312\Lib\site-packages\socketio\server.py", line 617, in _trigger_event
    return handler(*args)
           ^^^^^^^^^^^^^^
  File "C:\Users\gilbe\AppData\Local\Programs\Python\Python312\Lib\site-packages\flask_socketio\__init__.py", line 292, in _handler
    return self._handle_event(handler, message, real_ns, sid,
           ^^^^^^^^^^^^^^^^^^^^^^^^^^^^^^^^^^^^^^^^^^^^^^^^^^
  File "C:\Users\gilbe\AppData\Local\Programs\Python\Python312\Lib\site-packages\flask_socketio\__init__.py", line 802, in _handle_event
    with app.request_context(environ):
  File "C:\Users\gilbe\AppData\Local\Programs\Python\Python312\Lib\site-packages\flask\ctx.py", line 434, in __enter__
    self.push()
  File "C:\Users\gilbe\AppData\Local\Programs\Python\Python312\Lib\site-packages\flask\ctx.py", line 386, in push
    self.session = session_interface.open_session(self.app, self.request)
                   ^^^^^^^^^^^^^^^^^^^^^^^^^^^^^^^^^^^^^^^^^^^^^^^^^^^^^^
  File "C:\Users\gilbe\OneDrive\Desktop\RiddleNet\utils\split_session_interface.py", line 95, in open_session
    chosen = self._select_cookie_for_request()
             ^^^^^^^^^^^^^^^^^^^^^^^^^^^^^^^^^
  File "C:\Users\gilbe\OneDrive\Desktop\RiddleNet\utils\split_session_interface.py", line 72, in _select_cookie_for_request
    print(f"\U0001f36a SplitSession: _select_cookie_for_request called for path: {path}")
  File "C:\Users\gilbe\AppData\Local\Programs\Python\Python312\Lib\encodings\cp1252.py", line 19, in encode
    return codecs.charmap_encode(input,self.errors,encoding_table)[0]
           ^^^^^^^^^^^^^^^^^^^^^^^^^^^^^^^^^^^^^^^^^^^^^^^^^^^^^^^
UnicodeEncodeError: 'charmap' codec can't encode character '\U0001f36a' in position 0: character maps to <undefined>
2025-10-27 04:19:29,882 - engineio.server - ERROR - message handler error
Traceback (most recent call last):
  File "C:\Users\gilbe\AppData\Local\Programs\Python\Python312\Lib\site-packages\engineio\server.py", line 450, in run_handler
    return self.handlers[event](*args)
           ^^^^^^^^^^^^^^^^^^^^^^^^^^^
  File "C:\Users\gilbe\AppData\Local\Programs\Python\Python312\Lib\site-packages\socketio\server.py", line 652, in _handle_eio_message
    self._handle_connect(eio_sid, pkt.namespace, pkt.data)
  File "C:\Users\gilbe\AppData\Local\Programs\Python\Python312\Lib\site-packages\socketio\server.py", line 538, in _handle_connect
    success = self._trigger_event(
              ^^^^^^^^^^^^^^^^^^^^
  File "C:\Users\gilbe\AppData\Local\Programs\Python\Python312\Lib\site-packages\socketio\server.py", line 617, in _trigger_event
    return handler(*args)
           ^^^^^^^^^^^^^^
  File "C:\Users\gilbe\AppData\Local\Programs\Python\Python312\Lib\site-packages\flask_socketio\__init__.py", line 292, in _handler
    return self._handle_event(handler, message, real_ns, sid,
           ^^^^^^^^^^^^^^^^^^^^^^^^^^^^^^^^^^^^^^^^^^^^^^^^^^
  File "C:\Users\gilbe\AppData\Local\Programs\Python\Python312\Lib\site-packages\flask_socketio\__init__.py", line 802, in _handle_event
    with app.request_context(environ):
  File "C:\Users\gilbe\AppData\Local\Programs\Python\Python312\Lib\site-packages\flask\ctx.py", line 434, in __enter__
    self.push()
  File "C:\Users\gilbe\AppData\Local\Programs\Python\Python312\Lib\site-packages\flask\ctx.py", line 386, in push
    self.session = session_interface.open_session(self.app, self.request)
                   ^^^^^^^^^^^^^^^^^^^^^^^^^^^^^^^^^^^^^^^^^^^^^^^^^^^^^^
  File "C:\Users\gilbe\OneDrive\Desktop\RiddleNet\utils\split_session_interface.py", line 95, in open_session
    chosen = self._select_cookie_for_request()
             ^^^^^^^^^^^^^^^^^^^^^^^^^^^^^^^^^
  File "C:\Users\gilbe\OneDrive\Desktop\RiddleNet\utils\split_session_interface.py", line 72, in _select_cookie_for_request
    print(f"\U0001f36a SplitSession: _select_cookie_for_request called for path: {path}")
  File "C:\Users\gilbe\AppData\Local\Programs\Python\Python312\Lib\encodings\cp1252.py", line 19, in encode
    return codecs.charmap_encode(input,self.errors,encoding_table)[0]
           ^^^^^^^^^^^^^^^^^^^^^^^^^^^^^^^^^^^^^^^^^^^^^^^^^^^^^^^
UnicodeEncodeError: 'charmap' codec can't encode character '\U0001f36a' in position 0: character maps to <undefined>
message handler error
Traceback (most recent call last):
  File "C:\Users\gilbe\AppData\Local\Programs\Python\Python312\Lib\site-packages\engineio\server.py", line 450, in run_handler
    return self.handlers[event](*args)
           ^^^^^^^^^^^^^^^^^^^^^^^^^^^
  File "C:\Users\gilbe\AppData\Local\Programs\Python\Python312\Lib\site-packages\socketio\server.py", line 652, in _handle_eio_message
    self._handle_connect(eio_sid, pkt.namespace, pkt.data)
  File "C:\Users\gilbe\AppData\Local\Programs\Python\Python312\Lib\site-packages\socketio\server.py", line 538, in _handle_connect
    success = self._trigger_event(
              ^^^^^^^^^^^^^^^^^^^^
  File "C:\Users\gilbe\AppData\Local\Programs\Python\Python312\Lib\site-packages\socketio\server.py", line 617, in _trigger_event
    return handler(*args)
           ^^^^^^^^^^^^^^
  File "C:\Users\gilbe\AppData\Local\Programs\Python\Python312\Lib\site-packages\flask_socketio\__init__.py", line 292, in _handler
    return self._handle_event(handler, message, real_ns, sid,
           ^^^^^^^^^^^^^^^^^^^^^^^^^^^^^^^^^^^^^^^^^^^^^^^^^^
  File "C:\Users\gilbe\AppData\Local\Programs\Python\Python312\Lib\site-packages\flask_socketio\__init__.py", line 802, in _handle_event
    with app.request_context(environ):
  File "C:\Users\gilbe\AppData\Local\Programs\Python\Python312\Lib\site-packages\flask\ctx.py", line 434, in __enter__
    self.push()
  File "C:\Users\gilbe\AppData\Local\Programs\Python\Python312\Lib\site-packages\flask\ctx.py", line 386, in push
    self.session = session_interface.open_session(self.app, self.request)
                   ^^^^^^^^^^^^^^^^^^^^^^^^^^^^^^^^^^^^^^^^^^^^^^^^^^^^^^
  File "C:\Users\gilbe\OneDrive\Desktop\RiddleNet\utils\split_session_interface.py", line 95, in open_session
    chosen = self._select_cookie_for_request()
             ^^^^^^^^^^^^^^^^^^^^^^^^^^^^^^^^^
  File "C:\Users\gilbe\OneDrive\Desktop\RiddleNet\utils\split_session_interface.py", line 72, in _select_cookie_for_request
    print(f"\U0001f36a SplitSession: _select_cookie_for_request called for path: {path}")
  File "C:\Users\gilbe\AppData\Local\Programs\Python\Python312\Lib\encodings\cp1252.py", line 19, in encode
    return codecs.charmap_encode(input,self.errors,encoding_table)[0]
           ^^^^^^^^^^^^^^^^^^^^^^^^^^^^^^^^^^^^^^^^^^^^^^^^^^^^^^^
UnicodeEncodeError: 'charmap' codec can't encode character '\U0001f36a' in position 0: character maps to <undefined>
2025-10-27 04:19:29,886 - engineio.server - ERROR - message handler error
Traceback (most recent call last):
  File "C:\Users\gilbe\AppData\Local\Programs\Python\Python312\Lib\site-packages\engineio\server.py", line 450, in run_handler
    return self.handlers[event](*args)
           ^^^^^^^^^^^^^^^^^^^^^^^^^^^
  File "C:\Users\gilbe\AppData\Local\Programs\Python\Python312\Lib\site-packages\socketio\server.py", line 652, in _handle_eio_message
    self._handle_connect(eio_sid, pkt.namespace, pkt.data)
  File "C:\Users\gilbe\AppData\Local\Programs\Python\Python312\Lib\site-packages\socketio\server.py", line 538, in _handle_connect
    success = self._trigger_event(
              ^^^^^^^^^^^^^^^^^^^^
  File "C:\Users\gilbe\AppData\Local\Programs\Python\Python312\Lib\site-packages\socketio\server.py", line 617, in _trigger_event
    return handler(*args)
           ^^^^^^^^^^^^^^
  File "C:\Users\gilbe\AppData\Local\Programs\Python\Python312\Lib\site-packages\flask_socketio\__init__.py", line 292, in _handler
    return self._handle_event(handler, message, real_ns, sid,
           ^^^^^^^^^^^^^^^^^^^^^^^^^^^^^^^^^^^^^^^^^^^^^^^^^^
  File "C:\Users\gilbe\AppData\Local\Programs\Python\Python312\Lib\site-packages\flask_socketio\__init__.py", line 802, in _handle_event
    with app.request_context(environ):
  File "C:\Users\gilbe\AppData\Local\Programs\Python\Python312\Lib\site-packages\flask\ctx.py", line 434, in __enter__
    self.push()
  File "C:\Users\gilbe\AppData\Local\Programs\Python\Python312\Lib\site-packages\flask\ctx.py", line 386, in push
    self.session = session_interface.open_session(self.app, self.request)
                   ^^^^^^^^^^^^^^^^^^^^^^^^^^^^^^^^^^^^^^^^^^^^^^^^^^^^^^
  File "C:\Users\gilbe\OneDrive\Desktop\RiddleNet\utils\split_session_interface.py", line 95, in open_session
    chosen = self._select_cookie_for_request()
             ^^^^^^^^^^^^^^^^^^^^^^^^^^^^^^^^^
  File "C:\Users\gilbe\OneDrive\Desktop\RiddleNet\utils\split_session_interface.py", line 72, in _select_cookie_for_request
    print(f"\U0001f36a SplitSession: _select_cookie_for_request called for path: {path}")
  File "C:\Users\gilbe\AppData\Local\Programs\Python\Python312\Lib\encodings\cp1252.py", line 19, in encode
    return codecs.charmap_encode(input,self.errors,encoding_table)[0]
           ^^^^^^^^^^^^^^^^^^^^^^^^^^^^^^^^^^^^^^^^^^^^^^^^^^^^^^^
UnicodeEncodeError: 'charmap' codec can't encode character '\U0001f36a' in position 0: character maps to <undefined>
message handler error
Traceback (most recent call last):
  File "C:\Users\gilbe\AppData\Local\Programs\Python\Python312\Lib\site-packages\engineio\server.py", line 450, in run_handler
    return self.handlers[event](*args)
           ^^^^^^^^^^^^^^^^^^^^^^^^^^^
  File "C:\Users\gilbe\AppData\Local\Programs\Python\Python312\Lib\site-packages\socketio\server.py", line 652, in _handle_eio_message
    self._handle_connect(eio_sid, pkt.namespace, pkt.data)
  File "C:\Users\gilbe\AppData\Local\Programs\Python\Python312\Lib\site-packages\socketio\server.py", line 538, in _handle_connect
    success = self._trigger_event(
              ^^^^^^^^^^^^^^^^^^^^
  File "C:\Users\gilbe\AppData\Local\Programs\Python\Python312\Lib\site-packages\socketio\server.py", line 617, in _trigger_event
    return handler(*args)
           ^^^^^^^^^^^^^^
  File "C:\Users\gilbe\AppData\Local\Programs\Python\Python312\Lib\site-packages\flask_socketio\__init__.py", line 292, in _handler
    return self._handle_event(handler, message, real_ns, sid,
           ^^^^^^^^^^^^^^^^^^^^^^^^^^^^^^^^^^^^^^^^^^^^^^^^^^
  File "C:\Users\gilbe\AppData\Local\Programs\Python\Python312\Lib\site-packages\flask_socketio\__init__.py", line 802, in _handle_event
    with app.request_context(environ):
  File "C:\Users\gilbe\AppData\Local\Programs\Python\Python312\Lib\site-packages\flask\ctx.py", line 434, in __enter__
    self.push()
  File "C:\Users\gilbe\AppData\Local\Programs\Python\Python312\Lib\site-packages\flask\ctx.py", line 386, in push
    self.session = session_interface.open_session(self.app, self.request)
                   ^^^^^^^^^^^^^^^^^^^^^^^^^^^^^^^^^^^^^^^^^^^^^^^^^^^^^^
  File "C:\Users\gilbe\OneDrive\Desktop\RiddleNet\utils\split_session_interface.py", line 95, in open_session
    chosen = self._select_cookie_for_request()
             ^^^^^^^^^^^^^^^^^^^^^^^^^^^^^^^^^
  File "C:\Users\gilbe\OneDrive\Desktop\RiddleNet\utils\split_session_interface.py", line 72, in _select_cookie_for_request
    print(f"\U0001f36a SplitSession: _select_cookie_for_request called for path: {path}")
  File "C:\Users\gilbe\AppData\Local\Programs\Python\Python312\Lib\encodings\cp1252.py", line 19, in encode
    return codecs.charmap_encode(input,self.errors,encoding_table)[0]
           ^^^^^^^^^^^^^^^^^^^^^^^^^^^^^^^^^^^^^^^^^^^^^^^^^^^^^^^
UnicodeEncodeError: 'charmap' codec can't encode character '\U0001f36a' in position 0: character maps to <undefined>
2025-10-27 04:19:31,883 - engineio.server - ERROR - message handler error
Traceback (most recent call last):
  File "C:\Users\gilbe\AppData\Local\Programs\Python\Python312\Lib\site-packages\engineio\server.py", line 450, in run_handler
    return self.handlers[event](*args)
           ^^^^^^^^^^^^^^^^^^^^^^^^^^^
  File "C:\Users\gilbe\AppData\Local\Programs\Python\Python312\Lib\site-packages\socketio\server.py", line 652, in _handle_eio_message
    self._handle_connect(eio_sid, pkt.namespace, pkt.data)
  File "C:\Users\gilbe\AppData\Local\Programs\Python\Python312\Lib\site-packages\socketio\server.py", line 538, in _handle_connect
    success = self._trigger_event(
              ^^^^^^^^^^^^^^^^^^^^
  File "C:\Users\gilbe\AppData\Local\Programs\Python\Python312\Lib\site-packages\socketio\server.py", line 617, in _trigger_event
    return handler(*args)
           ^^^^^^^^^^^^^^
  File "C:\Users\gilbe\AppData\Local\Programs\Python\Python312\Lib\site-packages\flask_socketio\__init__.py", line 292, in _handler
    return self._handle_event(handler, message, real_ns, sid,
           ^^^^^^^^^^^^^^^^^^^^^^^^^^^^^^^^^^^^^^^^^^^^^^^^^^
  File "C:\Users\gilbe\AppData\Local\Programs\Python\Python312\Lib\site-packages\flask_socketio\__init__.py", line 802, in _handle_event
    with app.request_context(environ):
  File "C:\Users\gilbe\AppData\Local\Programs\Python\Python312\Lib\site-packages\flask\ctx.py", line 434, in __enter__
    self.push()
  File "C:\Users\gilbe\AppData\Local\Programs\Python\Python312\Lib\site-packages\flask\ctx.py", line 386, in push
    self.session = session_interface.open_session(self.app, self.request)
                   ^^^^^^^^^^^^^^^^^^^^^^^^^^^^^^^^^^^^^^^^^^^^^^^^^^^^^^
  File "C:\Users\gilbe\OneDrive\Desktop\RiddleNet\utils\split_session_interface.py", line 95, in open_session
    chosen = self._select_cookie_for_request()
             ^^^^^^^^^^^^^^^^^^^^^^^^^^^^^^^^^
  File "C:\Users\gilbe\OneDrive\Desktop\RiddleNet\utils\split_session_interface.py", line 72, in _select_cookie_for_request
    print(f"\U0001f36a SplitSession: _select_cookie_for_request called for path: {path}")
  File "C:\Users\gilbe\AppData\Local\Programs\Python\Python312\Lib\encodings\cp1252.py", line 19, in encode
    return codecs.charmap_encode(input,self.errors,encoding_table)[0]
           ^^^^^^^^^^^^^^^^^^^^^^^^^^^^^^^^^^^^^^^^^^^^^^^^^^^^^^^
UnicodeEncodeError: 'charmap' codec can't encode character '\U0001f36a' in position 0: character maps to <undefined>
message handler error
Traceback (most recent call last):
  File "C:\Users\gilbe\AppData\Local\Programs\Python\Python312\Lib\site-packages\engineio\server.py", line 450, in run_handler
    return self.handlers[event](*args)
           ^^^^^^^^^^^^^^^^^^^^^^^^^^^
  File "C:\Users\gilbe\AppData\Local\Programs\Python\Python312\Lib\site-packages\socketio\server.py", line 652, in _handle_eio_message
    self._handle_connect(eio_sid, pkt.namespace, pkt.data)
  File "C:\Users\gilbe\AppData\Local\Programs\Python\Python312\Lib\site-packages\socketio\server.py", line 534, in _handle_connect
    success = self._trigger_event(
              ^^^^^^^^^^^^^^^^^^^^
  File "C:\Users\gilbe\AppData\Local\Programs\Python\Python312\Lib\site-packages\socketio\server.py", line 617, in _trigger_event
    return handler(*args)
           ^^^^^^^^^^^^^^
  File "C:\Users\gilbe\AppData\Local\Programs\Python\Python312\Lib\site-packages\flask_socketio\__init__.py", line 292, in _handler
    return self._handle_event(handler, message, real_ns, sid,
           ^^^^^^^^^^^^^^^^^^^^^^^^^^^^^^^^^^^^^^^^^^^^^^^^^^
  File "C:\Users\gilbe\AppData\Local\Programs\Python\Python312\Lib\site-packages\flask_socketio\__init__.py", line 802, in _handle_event
    with app.request_context(environ):
  File "C:\Users\gilbe\AppData\Local\Programs\Python\Python312\Lib\site-packages\flask\ctx.py", line 434, in __enter__
    self.push()
  File "C:\Users\gilbe\AppData\Local\Programs\Python\Python312\Lib\site-packages\flask\ctx.py", line 386, in push
    self.session = session_interface.open_session(self.app, self.request)
                   ^^^^^^^^^^^^^^^^^^^^^^^^^^^^^^^^^^^^^^^^^^^^^^^^^^^^^^
  File "C:\Users\gilbe\OneDrive\Desktop\RiddleNet\utils\split_session_interface.py", line 95, in open_session
    chosen = self._select_cookie_for_request()
             ^^^^^^^^^^^^^^^^^^^^^^^^^^^^^^^^^
  File "C:\Users\gilbe\OneDrive\Desktop\RiddleNet\utils\split_session_interface.py", line 72, in _select_cookie_for_request
    print(f"\U0001f36a SplitSession: _select_cookie_for_request called for path: {path}")
  File "C:\Users\gilbe\AppData\Local\Programs\Python\Python312\Lib\encodings\cp1252.py", line 19, in encode
    return codecs.charmap_encode(input,self.errors,encoding_table)[0]
           ^^^^^^^^^^^^^^^^^^^^^^^^^^^^^^^^^^^^^^^^^^^^^^^^^^^^^^^
UnicodeEncodeError: 'charmap' codec can't encode character '\U0001f36a' in position 0: character maps to <undefined>
2025-10-27 04:19:35,872 - engineio.server - ERROR - message handler error
Traceback (most recent call last):
  File "C:\Users\gilbe\AppData\Local\Programs\Python\Python312\Lib\site-packages\engineio\server.py", line 450, in run_handler
    return self.handlers[event](*args)
           ^^^^^^^^^^^^^^^^^^^^^^^^^^^
  File "C:\Users\gilbe\AppData\Local\Programs\Python\Python312\Lib\site-packages\socketio\server.py", line 652, in _handle_eio_message
    self._handle_connect(eio_sid, pkt.namespace, pkt.data)
  File "C:\Users\gilbe\AppData\Local\Programs\Python\Python312\Lib\site-packages\socketio\server.py", line 534, in _handle_connect
    success = self._trigger_event(
              ^^^^^^^^^^^^^^^^^^^^
  File "C:\Users\gilbe\AppData\Local\Programs\Python\Python312\Lib\site-packages\socketio\server.py", line 617, in _trigger_event
    return handler(*args)
           ^^^^^^^^^^^^^^
  File "C:\Users\gilbe\AppData\Local\Programs\Python\Python312\Lib\site-packages\flask_socketio\__init__.py", line 292, in _handler
    return self._handle_event(handler, message, real_ns, sid,
           ^^^^^^^^^^^^^^^^^^^^^^^^^^^^^^^^^^^^^^^^^^^^^^^^^^
  File "C:\Users\gilbe\AppData\Local\Programs\Python\Python312\Lib\site-packages\flask_socketio\__init__.py", line 802, in _handle_event
    with app.request_context(environ):
  File "C:\Users\gilbe\AppData\Local\Programs\Python\Python312\Lib\site-packages\flask\ctx.py", line 434, in __enter__
    self.push()
  File "C:\Users\gilbe\AppData\Local\Programs\Python\Python312\Lib\site-packages\flask\ctx.py", line 386, in push
    self.session = session_interface.open_session(self.app, self.request)
                   ^^^^^^^^^^^^^^^^^^^^^^^^^^^^^^^^^^^^^^^^^^^^^^^^^^^^^^
  File "C:\Users\gilbe\OneDrive\Desktop\RiddleNet\utils\split_session_interface.py", line 95, in open_session
    chosen = self._select_cookie_for_request()
             ^^^^^^^^^^^^^^^^^^^^^^^^^^^^^^^^^
  File "C:\Users\gilbe\OneDrive\Desktop\RiddleNet\utils\split_session_interface.py", line 72, in _select_cookie_for_request
    print(f"\U0001f36a SplitSession: _select_cookie_for_request called for path: {path}")
  File "C:\Users\gilbe\AppData\Local\Programs\Python\Python312\Lib\encodings\cp1252.py", line 19, in encode
    return codecs.charmap_encode(input,self.errors,encoding_table)[0]
           ^^^^^^^^^^^^^^^^^^^^^^^^^^^^^^^^^^^^^^^^^^^^^^^^^^^^^^^
UnicodeEncodeError: 'charmap' codec can't encode character '\U0001f36a' in position 0: character maps to <undefined>
2025-10-27 04:19:55,880 - __init__ - ERROR - Exception on /dynamic/api/simulation/1/autosave [POST]
Traceback (most recent call last):
  File "C:\Users\gilbe\AppData\Local\Programs\Python\Python312\Lib\site-packages\flask\app.py", line 1510, in wsgi_app
    ctx.push()
  File "C:\Users\gilbe\AppData\Local\Programs\Python\Python312\Lib\site-packages\flask\ctx.py", line 386, in push
    self.session = session_interface.open_session(self.app, self.request)
                   ^^^^^^^^^^^^^^^^^^^^^^^^^^^^^^^^^^^^^^^^^^^^^^^^^^^^^^
  File "C:\Users\gilbe\OneDrive\Desktop\RiddleNet\utils\split_session_interface.py", line 95, in open_session
    chosen = self._select_cookie_for_request()
             ^^^^^^^^^^^^^^^^^^^^^^^^^^^^^^^^^
  File "C:\Users\gilbe\OneDrive\Desktop\RiddleNet\utils\split_session_interface.py", line 72, in _select_cookie_for_request
    print(f"\U0001f36a SplitSession: _select_cookie_for_request called for path: {path}")
  File "C:\Users\gilbe\AppData\Local\Programs\Python\Python312\Lib\encodings\cp1252.py", line 19, in encode
    return codecs.charmap_encode(input,self.errors,encoding_table)[0]
           ^^^^^^^^^^^^^^^^^^^^^^^^^^^^^^^^^^^^^^^^^^^^^^^^^^^^^^^
UnicodeEncodeError: 'charmap' codec can't encode character '\U0001f36a' in position 0: character maps to <undefined>
2025-10-27 04:19:55,884 - __init__ - ERROR - Request finalizing failed with an error while handling an error
Traceback (most recent call last):
  File "C:\Users\gilbe\AppData\Local\Programs\Python\Python312\Lib\site-packages\flask\app.py", line 1510, in wsgi_app
    ctx.push()
  File "C:\Users\gilbe\AppData\Local\Programs\Python\Python312\Lib\site-packages\flask\ctx.py", line 386, in push
    self.session = session_interface.open_session(self.app, self.request)
                   ^^^^^^^^^^^^^^^^^^^^^^^^^^^^^^^^^^^^^^^^^^^^^^^^^^^^^^
  File "C:\Users\gilbe\OneDrive\Desktop\RiddleNet\utils\split_session_interface.py", line 95, in open_session
    chosen = self._select_cookie_for_request()
             ^^^^^^^^^^^^^^^^^^^^^^^^^^^^^^^^^
  File "C:\Users\gilbe\OneDrive\Desktop\RiddleNet\utils\split_session_interface.py", line 72, in _select_cookie_for_request
    print(f"\U0001f36a SplitSession: _select_cookie_for_request called for path: {path}")
  File "C:\Users\gilbe\AppData\Local\Programs\Python\Python312\Lib\encodings\cp1252.py", line 19, in encode
    return codecs.charmap_encode(input,self.errors,encoding_table)[0]
           ^^^^^^^^^^^^^^^^^^^^^^^^^^^^^^^^^^^^^^^^^^^^^^^^^^^^^^^
UnicodeEncodeError: 'charmap' codec can't encode character '\U0001f36a' in position 0: character maps to <undefined>

During handling of the above exception, another exception occurred:

Traceback (most recent call last):
  File "C:\Users\gilbe\AppData\Local\Programs\Python\Python312\Lib\site-packages\flask\app.py", line 941, in finalize_request
    response = self.process_response(response)
               ^^^^^^^^^^^^^^^^^^^^^^^^^^^^^^^
  File "C:\Users\gilbe\AppData\Local\Programs\Python\Python312\Lib\site-packages\flask\app.py", line 1319, in process_response
    response = self.ensure_sync(func)(response)
               ^^^^^^^^^^^^^^^^^^^^^^^^^^^^^^^^
  File "C:\Users\gilbe\AppData\Local\Programs\Python\Python312\Lib\site-packages\flask_login\login_manager.py", line 450, in _update_remember_cookie
    if "_remember" not in session and current_app.config.get(
       ^^^^^^^^^^^^^^^^^^^^^^^^^^
TypeError: argument of type 'NoneType' is not iterable
2025-10-27 04:19:55,889 - __init__ - ERROR - Exception on /dynamic/api/simulation/1/task-progress [POST]
Traceback (most recent call last):
  File "C:\Users\gilbe\AppData\Local\Programs\Python\Python312\Lib\site-packages\flask\app.py", line 1510, in wsgi_app
    ctx.push()
  File "C:\Users\gilbe\AppData\Local\Programs\Python\Python312\Lib\site-packages\flask\ctx.py", line 386, in push
    self.session = session_interface.open_session(self.app, self.request)
                   ^^^^^^^^^^^^^^^^^^^^^^^^^^^^^^^^^^^^^^^^^^^^^^^^^^^^^^
  File "C:\Users\gilbe\OneDrive\Desktop\RiddleNet\utils\split_session_interface.py", line 95, in open_session
    chosen = self._select_cookie_for_request()
             ^^^^^^^^^^^^^^^^^^^^^^^^^^^^^^^^^
  File "C:\Users\gilbe\OneDrive\Desktop\RiddleNet\utils\split_session_interface.py", line 72, in _select_cookie_for_request
    print(f"\U0001f36a SplitSession: _select_cookie_for_request called for path: {path}")
  File "C:\Users\gilbe\AppData\Local\Programs\Python\Python312\Lib\encodings\cp1252.py", line 19, in encode
    return codecs.charmap_encode(input,self.errors,encoding_table)[0]
           ^^^^^^^^^^^^^^^^^^^^^^^^^^^^^^^^^^^^^^^^^^^^^^^^^^^^^^^
UnicodeEncodeError: 'charmap' codec can't encode character '\U0001f36a' in position 0: character maps to <undefined>
2025-10-27 04:19:55,890 - __init__ - ERROR - Request finalizing failed with an error while handling an error
Traceback (most recent call last):
  File "C:\Users\gilbe\AppData\Local\Programs\Python\Python312\Lib\site-packages\flask\app.py", line 1510, in wsgi_app
    ctx.push()
  File "C:\Users\gilbe\AppData\Local\Programs\Python\Python312\Lib\site-packages\flask\ctx.py", line 386, in push
    self.session = session_interface.open_session(self.app, self.request)
                   ^^^^^^^^^^^^^^^^^^^^^^^^^^^^^^^^^^^^^^^^^^^^^^^^^^^^^^
  File "C:\Users\gilbe\OneDrive\Desktop\RiddleNet\utils\split_session_interface.py", line 95, in open_session
    chosen = self._select_cookie_for_request()
             ^^^^^^^^^^^^^^^^^^^^^^^^^^^^^^^^^
  File "C:\Users\gilbe\OneDrive\Desktop\RiddleNet\utils\split_session_interface.py", line 72, in _select_cookie_for_request
    print(f"\U0001f36a SplitSession: _select_cookie_for_request called for path: {path}")
  File "C:\Users\gilbe\AppData\Local\Programs\Python\Python312\Lib\encodings\cp1252.py", line 19, in encode
    return codecs.charmap_encode(input,self.errors,encoding_table)[0]
           ^^^^^^^^^^^^^^^^^^^^^^^^^^^^^^^^^^^^^^^^^^^^^^^^^^^^^^^
UnicodeEncodeError: 'charmap' codec can't encode character '\U0001f36a' in position 0: character maps to <undefined>

During handling of the above exception, another exception occurred:

Traceback (most recent call last):
  File "C:\Users\gilbe\AppData\Local\Programs\Python\Python312\Lib\site-packages\flask\app.py", line 941, in finalize_request
    response = self.process_response(response)
               ^^^^^^^^^^^^^^^^^^^^^^^^^^^^^^^
  File "C:\Users\gilbe\AppData\Local\Programs\Python\Python312\Lib\site-packages\flask\app.py", line 1319, in process_response
    response = self.ensure_sync(func)(response)
               ^^^^^^^^^^^^^^^^^^^^^^^^^^^^^^^^
  File "C:\Users\gilbe\AppData\Local\Programs\Python\Python312\Lib\site-packages\flask_login\login_manager.py", line 450, in _update_remember_cookie
    if "_remember" not in session and current_app.config.get(
       ^^^^^^^^^^^^^^^^^^^^^^^^^^
TypeError: argument of type 'NoneType' is not iterable
2025-10-27 04:20:02,868 - __init__ - ERROR - Exception on /dynamic/api/simulation/1/network-state [POST]
Traceback (most recent call last):
  File "C:\Users\gilbe\AppData\Local\Programs\Python\Python312\Lib\site-packages\flask\app.py", line 1510, in wsgi_app
    ctx.push()
  File "C:\Users\gilbe\AppData\Local\Programs\Python\Python312\Lib\site-packages\flask\ctx.py", line 386, in push
    self.session = session_interface.open_session(self.app, self.request)
                   ^^^^^^^^^^^^^^^^^^^^^^^^^^^^^^^^^^^^^^^^^^^^^^^^^^^^^^
  File "C:\Users\gilbe\OneDrive\Desktop\RiddleNet\utils\split_session_interface.py", line 95, in open_session
    chosen = self._select_cookie_for_request()
             ^^^^^^^^^^^^^^^^^^^^^^^^^^^^^^^^^
  File "C:\Users\gilbe\OneDrive\Desktop\RiddleNet\utils\split_session_interface.py", line 72, in _select_cookie_for_request
    print(f"\U0001f36a SplitSession: _select_cookie_for_request called for path: {path}")
  File "C:\Users\gilbe\AppData\Local\Programs\Python\Python312\Lib\encodings\cp1252.py", line 19, in encode
    return codecs.charmap_encode(input,self.errors,encoding_table)[0]
           ^^^^^^^^^^^^^^^^^^^^^^^^^^^^^^^^^^^^^^^^^^^^^^^^^^^^^^^
UnicodeEncodeError: 'charmap' codec can't encode character '\U0001f36a' in position 0: character maps to <undefined>
2025-10-27 04:20:02,870 - __init__ - ERROR - Request finalizing failed with an error while handling an error
Traceback (most recent call last):
  File "C:\Users\gilbe\AppData\Local\Programs\Python\Python312\Lib\site-packages\flask\app.py", line 1510, in wsgi_app
    ctx.push()
  File "C:\Users\gilbe\AppData\Local\Programs\Python\Python312\Lib\site-packages\flask\ctx.py", line 386, in push
    self.session = session_interface.open_session(self.app, self.request)
                   ^^^^^^^^^^^^^^^^^^^^^^^^^^^^^^^^^^^^^^^^^^^^^^^^^^^^^^
  File "C:\Users\gilbe\OneDrive\Desktop\RiddleNet\utils\split_session_interface.py", line 95, in open_session
    chosen = self._select_cookie_for_request()
             ^^^^^^^^^^^^^^^^^^^^^^^^^^^^^^^^^
  File "C:\Users\gilbe\OneDrive\Desktop\RiddleNet\utils\split_session_interface.py", line 72, in _select_cookie_for_request
    print(f"\U0001f36a SplitSession: _select_cookie_for_request called for path: {path}")
  File "C:\Users\gilbe\AppData\Local\Programs\Python\Python312\Lib\encodings\cp1252.py", line 19, in encode
    return codecs.charmap_encode(input,self.errors,encoding_table)[0]
           ^^^^^^^^^^^^^^^^^^^^^^^^^^^^^^^^^^^^^^^^^^^^^^^^^^^^^^^
UnicodeEncodeError: 'charmap' codec can't encode character '\U0001f36a' in position 0: character maps to <undefined>

During handling of the above exception, another exception occurred:

Traceback (most recent call last):
  File "C:\Users\gilbe\AppData\Local\Programs\Python\Python312\Lib\site-packages\flask\app.py", line 941, in finalize_request
    response = self.process_response(response)
               ^^^^^^^^^^^^^^^^^^^^^^^^^^^^^^^
  File "C:\Users\gilbe\AppData\Local\Programs\Python\Python312\Lib\site-packages\flask\app.py", line 1319, in process_response
    response = self.ensure_sync(func)(response)
               ^^^^^^^^^^^^^^^^^^^^^^^^^^^^^^^^
  File "C:\Users\gilbe\AppData\Local\Programs\Python\Python312\Lib\site-packages\flask_login\login_manager.py", line 450, in _update_remember_cookie
    if "_remember" not in session and current_app.config.get(
       ^^^^^^^^^^^^^^^^^^^^^^^^^^
TypeError: argument of type 'NoneType' is not iterable
2025-10-27 04:20:04,865 - __init__ - ERROR - Exception on /dynamic/api/simulation/1/network-state [POST]
Traceback (most recent call last):
  File "C:\Users\gilbe\AppData\Local\Programs\Python\Python312\Lib\site-packages\flask\app.py", line 1510, in wsgi_app
    ctx.push()
  File "C:\Users\gilbe\AppData\Local\Programs\Python\Python312\Lib\site-packages\flask\ctx.py", line 386, in push
    self.session = session_interface.open_session(self.app, self.request)
                   ^^^^^^^^^^^^^^^^^^^^^^^^^^^^^^^^^^^^^^^^^^^^^^^^^^^^^^
  File "C:\Users\gilbe\OneDrive\Desktop\RiddleNet\utils\split_session_interface.py", line 95, in open_session
    chosen = self._select_cookie_for_request()
             ^^^^^^^^^^^^^^^^^^^^^^^^^^^^^^^^^
  File "C:\Users\gilbe\OneDrive\Desktop\RiddleNet\utils\split_session_interface.py", line 72, in _select_cookie_for_request
    print(f"\U0001f36a SplitSession: _select_cookie_for_request called for path: {path}")
  File "C:\Users\gilbe\AppData\Local\Programs\Python\Python312\Lib\encodings\cp1252.py", line 19, in encode
    return codecs.charmap_encode(input,self.errors,encoding_table)[0]
           ^^^^^^^^^^^^^^^^^^^^^^^^^^^^^^^^^^^^^^^^^^^^^^^^^^^^^^^
UnicodeEncodeError: 'charmap' codec can't encode character '\U0001f36a' in position 0: character maps to <undefined>
2025-10-27 04:20:04,867 - __init__ - ERROR - Request finalizing failed with an error while handling an error
Traceback (most recent call last):
  File "C:\Users\gilbe\AppData\Local\Programs\Python\Python312\Lib\site-packages\flask\app.py", line 1510, in wsgi_app
    ctx.push()
  File "C:\Users\gilbe\AppData\Local\Programs\Python\Python312\Lib\site-packages\flask\ctx.py", line 386, in push
    self.session = session_interface.open_session(self.app, self.request)
                   ^^^^^^^^^^^^^^^^^^^^^^^^^^^^^^^^^^^^^^^^^^^^^^^^^^^^^^
  File "C:\Users\gilbe\OneDrive\Desktop\RiddleNet\utils\split_session_interface.py", line 95, in open_session
    chosen = self._select_cookie_for_request()
             ^^^^^^^^^^^^^^^^^^^^^^^^^^^^^^^^^
  File "C:\Users\gilbe\OneDrive\Desktop\RiddleNet\utils\split_session_interface.py", line 72, in _select_cookie_for_request
    print(f"\U0001f36a SplitSession: _select_cookie_for_request called for path: {path}")
  File "C:\Users\gilbe\AppData\Local\Programs\Python\Python312\Lib\encodings\cp1252.py", line 19, in encode
    return codecs.charmap_encode(input,self.errors,encoding_table)[0]
           ^^^^^^^^^^^^^^^^^^^^^^^^^^^^^^^^^^^^^^^^^^^^^^^^^^^^^^^
UnicodeEncodeError: 'charmap' codec can't encode character '\U0001f36a' in position 0: character maps to <undefined>

During handling of the above exception, another exception occurred:

Traceback (most recent call last):
  File "C:\Users\gilbe\AppData\Local\Programs\Python\Python312\Lib\site-packages\flask\app.py", line 941, in finalize_request
    response = self.process_response(response)
               ^^^^^^^^^^^^^^^^^^^^^^^^^^^^^^^
  File "C:\Users\gilbe\AppData\Local\Programs\Python\Python312\Lib\site-packages\flask\app.py", line 1319, in process_response
    response = self.ensure_sync(func)(response)
               ^^^^^^^^^^^^^^^^^^^^^^^^^^^^^^^^
  File "C:\Users\gilbe\AppData\Local\Programs\Python\Python312\Lib\site-packages\flask_login\login_manager.py", line 450, in _update_remember_cookie
    if "_remember" not in session and current_app.config.get(
       ^^^^^^^^^^^^^^^^^^^^^^^^^^
TypeError: argument of type 'NoneType' is not iterable
2025-10-27 04:20:07,871 - __init__ - ERROR - Exception on /dynamic/api/simulation/1/network-state [POST]
Traceback (most recent call last):
  File "C:\Users\gilbe\AppData\Local\Programs\Python\Python312\Lib\site-packages\flask\app.py", line 1510, in wsgi_app
    ctx.push()
  File "C:\Users\gilbe\AppData\Local\Programs\Python\Python312\Lib\site-packages\flask\ctx.py", line 386, in push
    self.session = session_interface.open_session(self.app, self.request)
                   ^^^^^^^^^^^^^^^^^^^^^^^^^^^^^^^^^^^^^^^^^^^^^^^^^^^^^^
  File "C:\Users\gilbe\OneDrive\Desktop\RiddleNet\utils\split_session_interface.py", line 95, in open_session
    chosen = self._select_cookie_for_request()
             ^^^^^^^^^^^^^^^^^^^^^^^^^^^^^^^^^
  File "C:\Users\gilbe\OneDrive\Desktop\RiddleNet\utils\split_session_interface.py", line 72, in _select_cookie_for_request
    print(f"\U0001f36a SplitSession: _select_cookie_for_request called for path: {path}")
  File "C:\Users\gilbe\AppData\Local\Programs\Python\Python312\Lib\encodings\cp1252.py", line 19, in encode
    return codecs.charmap_encode(input,self.errors,encoding_table)[0]
           ^^^^^^^^^^^^^^^^^^^^^^^^^^^^^^^^^^^^^^^^^^^^^^^^^^^^^^^
UnicodeEncodeError: 'charmap' codec can't encode character '\U0001f36a' in position 0: character maps to <undefined>
2025-10-27 04:20:07,872 - __init__ - ERROR - Request finalizing failed with an error while handling an error
Traceback (most recent call last):
  File "C:\Users\gilbe\AppData\Local\Programs\Python\Python312\Lib\site-packages\flask\app.py", line 1510, in wsgi_app
    ctx.push()
  File "C:\Users\gilbe\AppData\Local\Programs\Python\Python312\Lib\site-packages\flask\ctx.py", line 386, in push
    self.session = session_interface.open_session(self.app, self.request)
                   ^^^^^^^^^^^^^^^^^^^^^^^^^^^^^^^^^^^^^^^^^^^^^^^^^^^^^^
  File "C:\Users\gilbe\OneDrive\Desktop\RiddleNet\utils\split_session_interface.py", line 95, in open_session
    chosen = self._select_cookie_for_request()
             ^^^^^^^^^^^^^^^^^^^^^^^^^^^^^^^^^
  File "C:\Users\gilbe\OneDrive\Desktop\RiddleNet\utils\split_session_interface.py", line 72, in _select_cookie_for_request
    print(f"\U0001f36a SplitSession: _select_cookie_for_request called for path: {path}")
  File "C:\Users\gilbe\AppData\Local\Programs\Python\Python312\Lib\encodings\cp1252.py", line 19, in encode
    return codecs.charmap_encode(input,self.errors,encoding_table)[0]
           ^^^^^^^^^^^^^^^^^^^^^^^^^^^^^^^^^^^^^^^^^^^^^^^^^^^^^^^
UnicodeEncodeError: 'charmap' codec can't encode character '\U0001f36a' in position 0: character maps to <undefined>

During handling of the above exception, another exception occurred:

Traceback (most recent call last):
  File "C:\Users\gilbe\AppData\Local\Programs\Python\Python312\Lib\site-packages\flask\app.py", line 941, in finalize_request
    response = self.process_response(response)
               ^^^^^^^^^^^^^^^^^^^^^^^^^^^^^^^
  File "C:\Users\gilbe\AppData\Local\Programs\Python\Python312\Lib\site-packages\flask\app.py", line 1319, in process_response
    response = self.ensure_sync(func)(response)
               ^^^^^^^^^^^^^^^^^^^^^^^^^^^^^^^^
  File "C:\Users\gilbe\AppData\Local\Programs\Python\Python312\Lib\site-packages\flask_login\login_manager.py", line 450, in _update_remember_cookie
    if "_remember" not in session and current_app.config.get(
       ^^^^^^^^^^^^^^^^^^^^^^^^^^
TypeError: argument of type 'NoneType' is not iterable
2025-10-27 04:20:12,869 - __init__ - ERROR - Exception on /dynamic/api/simulation/1/network-state [POST]
Traceback (most recent call last):
  File "C:\Users\gilbe\AppData\Local\Programs\Python\Python312\Lib\site-packages\flask\app.py", line 1510, in wsgi_app
    ctx.push()
  File "C:\Users\gilbe\AppData\Local\Programs\Python\Python312\Lib\site-packages\flask\ctx.py", line 386, in push
    self.session = session_interface.open_session(self.app, self.request)
                   ^^^^^^^^^^^^^^^^^^^^^^^^^^^^^^^^^^^^^^^^^^^^^^^^^^^^^^
  File "C:\Users\gilbe\OneDrive\Desktop\RiddleNet\utils\split_session_interface.py", line 95, in open_session
    chosen = self._select_cookie_for_request()
             ^^^^^^^^^^^^^^^^^^^^^^^^^^^^^^^^^
  File "C:\Users\gilbe\OneDrive\Desktop\RiddleNet\utils\split_session_interface.py", line 72, in _select_cookie_for_request
    print(f"\U0001f36a SplitSession: _select_cookie_for_request called for path: {path}")
  File "C:\Users\gilbe\AppData\Local\Programs\Python\Python312\Lib\encodings\cp1252.py", line 19, in encode
    return codecs.charmap_encode(input,self.errors,encoding_table)[0]
           ^^^^^^^^^^^^^^^^^^^^^^^^^^^^^^^^^^^^^^^^^^^^^^^^^^^^^^^
UnicodeEncodeError: 'charmap' codec can't encode character '\U0001f36a' in position 0: character maps to <undefined>
2025-10-27 04:20:12,870 - __init__ - ERROR - Request finalizing failed with an error while handling an error
Traceback (most recent call last):
  File "C:\Users\gilbe\AppData\Local\Programs\Python\Python312\Lib\site-packages\flask\app.py", line 1510, in wsgi_app
    ctx.push()
  File "C:\Users\gilbe\AppData\Local\Programs\Python\Python312\Lib\site-packages\flask\ctx.py", line 386, in push
    self.session = session_interface.open_session(self.app, self.request)
                   ^^^^^^^^^^^^^^^^^^^^^^^^^^^^^^^^^^^^^^^^^^^^^^^^^^^^^^
  File "C:\Users\gilbe\OneDrive\Desktop\RiddleNet\utils\split_session_interface.py", line 95, in open_session
    chosen = self._select_cookie_for_request()
             ^^^^^^^^^^^^^^^^^^^^^^^^^^^^^^^^^
  File "C:\Users\gilbe\OneDrive\Desktop\RiddleNet\utils\split_session_interface.py", line 72, in _select_cookie_for_request
    print(f"\U0001f36a SplitSession: _select_cookie_for_request called for path: {path}")
  File "C:\Users\gilbe\AppData\Local\Programs\Python\Python312\Lib\encodings\cp1252.py", line 19, in encode
    return codecs.charmap_encode(input,self.errors,encoding_table)[0]
           ^^^^^^^^^^^^^^^^^^^^^^^^^^^^^^^^^^^^^^^^^^^^^^^^^^^^^^^
UnicodeEncodeError: 'charmap' codec can't encode character '\U0001f36a' in position 0: character maps to <undefined>

During handling of the above exception, another exception occurred:

Traceback (most recent call last):
  File "C:\Users\gilbe\AppData\Local\Programs\Python\Python312\Lib\site-packages\flask\app.py", line 941, in finalize_request
    response = self.process_response(response)
               ^^^^^^^^^^^^^^^^^^^^^^^^^^^^^^^
  File "C:\Users\gilbe\AppData\Local\Programs\Python\Python312\Lib\site-packages\flask\app.py", line 1319, in process_response
    response = self.ensure_sync(func)(response)
               ^^^^^^^^^^^^^^^^^^^^^^^^^^^^^^^^
  File "C:\Users\gilbe\AppData\Local\Programs\Python\Python312\Lib\site-packages\flask_login\login_manager.py", line 450, in _update_remember_cookie
    if "_remember" not in session and current_app.config.get(
       ^^^^^^^^^^^^^^^^^^^^^^^^^^
TypeError: argument of type 'NoneType' is not iterable
disconnect handler error
Traceback (most recent call last):
  File "C:\Users\gilbe\AppData\Local\Programs\Python\Python312\Lib\site-packages\engineio\server.py", line 450, in run_handler
    return self.handlers[event](*args)
           ^^^^^^^^^^^^^^^^^^^^^^^^^^^
  File "C:\Users\gilbe\AppData\Local\Programs\Python\Python312\Lib\site-packages\socketio\server.py", line 671, in _handle_eio_disconnect
    self._handle_disconnect(eio_sid, n, reason)
  File "C:\Users\gilbe\AppData\Local\Programs\Python\Python312\Lib\site-packages\socketio\server.py", line 568, in _handle_disconnect
    self._trigger_event('disconnect', namespace, sid,
  File "C:\Users\gilbe\AppData\Local\Programs\Python\Python312\Lib\site-packages\socketio\server.py", line 617, in _trigger_event
    return handler(*args)
           ^^^^^^^^^^^^^^
  File "C:\Users\gilbe\AppData\Local\Programs\Python\Python312\Lib\site-packages\flask_socketio\__init__.py", line 292, in _handler
    return self._handle_event(handler, message, real_ns, sid,
           ^^^^^^^^^^^^^^^^^^^^^^^^^^^^^^^^^^^^^^^^^^^^^^^^^^
  File "C:\Users\gilbe\AppData\Local\Programs\Python\Python312\Lib\site-packages\flask_socketio\__init__.py", line 802, in _handle_event
    with app.request_context(environ):
  File "C:\Users\gilbe\AppData\Local\Programs\Python\Python312\Lib\site-packages\flask\ctx.py", line 434, in __enter__
    self.push()
  File "C:\Users\gilbe\AppData\Local\Programs\Python\Python312\Lib\site-packages\flask\ctx.py", line 386, in push
    self.session = session_interface.open_session(self.app, self.request)
                   ^^^^^^^^^^^^^^^^^^^^^^^^^^^^^^^^^^^^^^^^^^^^^^^^^^^^^^
  File "C:\Users\gilbe\OneDrive\Desktop\RiddleNet\utils\split_session_interface.py", line 95, in open_session
    chosen = self._select_cookie_for_request()
             ^^^^^^^^^^^^^^^^^^^^^^^^^^^^^^^^^
  File "C:\Users\gilbe\OneDrive\Desktop\RiddleNet\utils\split_session_interface.py", line 72, in _select_cookie_for_request
    print(f"\U0001f36a SplitSession: _select_cookie_for_request called for path: {path}")
  File "C:\Users\gilbe\AppData\Local\Programs\Python\Python312\Lib\encodings\cp1252.py", line 19, in encode
    return codecs.charmap_encode(input,self.errors,encoding_table)[0]
           ^^^^^^^^^^^^^^^^^^^^^^^^^^^^^^^^^^^^^^^^^^^^^^^^^^^^^^^
UnicodeEncodeError: 'charmap' codec can't encode character '\U0001f36a' in position 0: character maps to <undefined>
2025-10-27 04:20:21,906 - engineio.server - ERROR - disconnect handler error
Traceback (most recent call last):
  File "C:\Users\gilbe\AppData\Local\Programs\Python\Python312\Lib\site-packages\engineio\server.py", line 450, in run_handler
    return self.handlers[event](*args)
           ^^^^^^^^^^^^^^^^^^^^^^^^^^^
  File "C:\Users\gilbe\AppData\Local\Programs\Python\Python312\Lib\site-packages\socketio\server.py", line 671, in _handle_eio_disconnect
    self._handle_disconnect(eio_sid, n, reason)
  File "C:\Users\gilbe\AppData\Local\Programs\Python\Python312\Lib\site-packages\socketio\server.py", line 568, in _handle_disconnect
    self._trigger_event('disconnect', namespace, sid,
  File "C:\Users\gilbe\AppData\Local\Programs\Python\Python312\Lib\site-packages\socketio\server.py", line 617, in _trigger_event
    return handler(*args)
           ^^^^^^^^^^^^^^
  File "C:\Users\gilbe\AppData\Local\Programs\Python\Python312\Lib\site-packages\flask_socketio\__init__.py", line 292, in _handler
    return self._handle_event(handler, message, real_ns, sid,
           ^^^^^^^^^^^^^^^^^^^^^^^^^^^^^^^^^^^^^^^^^^^^^^^^^^
  File "C:\Users\gilbe\AppData\Local\Programs\Python\Python312\Lib\site-packages\flask_socketio\__init__.py", line 802, in _handle_event
    with app.request_context(environ):
  File "C:\Users\gilbe\AppData\Local\Programs\Python\Python312\Lib\site-packages\flask\ctx.py", line 434, in __enter__
    self.push()
  File "C:\Users\gilbe\AppData\Local\Programs\Python\Python312\Lib\site-packages\flask\ctx.py", line 386, in push
    self.session = session_interface.open_session(self.app, self.request)
                   ^^^^^^^^^^^^^^^^^^^^^^^^^^^^^^^^^^^^^^^^^^^^^^^^^^^^^^
  File "C:\Users\gilbe\OneDrive\Desktop\RiddleNet\utils\split_session_interface.py", line 95, in open_session
    chosen = self._select_cookie_for_request()
             ^^^^^^^^^^^^^^^^^^^^^^^^^^^^^^^^^
  File "C:\Users\gilbe\OneDrive\Desktop\RiddleNet\utils\split_session_interface.py", line 72, in _select_cookie_for_request
    print(f"\U0001f36a SplitSession: _select_cookie_for_request called for path: {path}")
  File "C:\Users\gilbe\AppData\Local\Programs\Python\Python312\Lib\encodings\cp1252.py", line 19, in encode
    return codecs.charmap_encode(input,self.errors,encoding_table)[0]
           ^^^^^^^^^^^^^^^^^^^^^^^^^^^^^^^^^^^^^^^^^^^^^^^^^^^^^^^
UnicodeEncodeError: 'charmap' codec can't encode character '\U0001f36a' in position 0: character maps to <undefined>
disconnect handler error
Traceback (most recent call last):
  File "C:\Users\gilbe\AppData\Local\Programs\Python\Python312\Lib\site-packages\engineio\server.py", line 450, in run_handler
    return self.handlers[event](*args)
           ^^^^^^^^^^^^^^^^^^^^^^^^^^^
  File "C:\Users\gilbe\AppData\Local\Programs\Python\Python312\Lib\site-packages\socketio\server.py", line 671, in _handle_eio_disconnect
    self._handle_disconnect(eio_sid, n, reason)
  File "C:\Users\gilbe\AppData\Local\Programs\Python\Python312\Lib\site-packages\socketio\server.py", line 568, in _handle_disconnect
    self._trigger_event('disconnect', namespace, sid,
  File "C:\Users\gilbe\AppData\Local\Programs\Python\Python312\Lib\site-packages\socketio\server.py", line 617, in _trigger_event
    return handler(*args)
           ^^^^^^^^^^^^^^
  File "C:\Users\gilbe\AppData\Local\Programs\Python\Python312\Lib\site-packages\flask_socketio\__init__.py", line 292, in _handler
    return self._handle_event(handler, message, real_ns, sid,
           ^^^^^^^^^^^^^^^^^^^^^^^^^^^^^^^^^^^^^^^^^^^^^^^^^^
  File "C:\Users\gilbe\AppData\Local\Programs\Python\Python312\Lib\site-packages\flask_socketio\__init__.py", line 802, in _handle_event
    with app.request_context(environ):
  File "C:\Users\gilbe\AppData\Local\Programs\Python\Python312\Lib\site-packages\flask\ctx.py", line 434, in __enter__
    self.push()
  File "C:\Users\gilbe\AppData\Local\Programs\Python\Python312\Lib\site-packages\flask\ctx.py", line 386, in push
    self.session = session_interface.open_session(self.app, self.request)
                   ^^^^^^^^^^^^^^^^^^^^^^^^^^^^^^^^^^^^^^^^^^^^^^^^^^^^^^
  File "C:\Users\gilbe\OneDrive\Desktop\RiddleNet\utils\split_session_interface.py", line 95, in open_session
    chosen = self._select_cookie_for_request()
             ^^^^^^^^^^^^^^^^^^^^^^^^^^^^^^^^^
  File "C:\Users\gilbe\OneDrive\Desktop\RiddleNet\utils\split_session_interface.py", line 72, in _select_cookie_for_request
    print(f"\U0001f36a SplitSession: _select_cookie_for_request called for path: {path}")
  File "C:\Users\gilbe\AppData\Local\Programs\Python\Python312\Lib\encodings\cp1252.py", line 19, in encode
    return codecs.charmap_encode(input,self.errors,encoding_table)[0]
           ^^^^^^^^^^^^^^^^^^^^^^^^^^^^^^^^^^^^^^^^^^^^^^^^^^^^^^^
UnicodeEncodeError: 'charmap' codec can't encode character '\U0001f36a' in position 0: character maps to <undefined>
2025-10-27 04:20:21,912 - engineio.server - ERROR - disconnect handler error
Traceback (most recent call last):
  File "C:\Users\gilbe\AppData\Local\Programs\Python\Python312\Lib\site-packages\engineio\server.py", line 450, in run_handler
    return self.handlers[event](*args)
           ^^^^^^^^^^^^^^^^^^^^^^^^^^^
  File "C:\Users\gilbe\AppData\Local\Programs\Python\Python312\Lib\site-packages\socketio\server.py", line 671, in _handle_eio_disconnect
    self._handle_disconnect(eio_sid, n, reason)
  File "C:\Users\gilbe\AppData\Local\Programs\Python\Python312\Lib\site-packages\socketio\server.py", line 568, in _handle_disconnect
    self._trigger_event('disconnect', namespace, sid,
  File "C:\Users\gilbe\AppData\Local\Programs\Python\Python312\Lib\site-packages\socketio\server.py", line 617, in _trigger_event
    return handler(*args)
           ^^^^^^^^^^^^^^
  File "C:\Users\gilbe\AppData\Local\Programs\Python\Python312\Lib\site-packages\flask_socketio\__init__.py", line 292, in _handler
    return self._handle_event(handler, message, real_ns, sid,
           ^^^^^^^^^^^^^^^^^^^^^^^^^^^^^^^^^^^^^^^^^^^^^^^^^^
  File "C:\Users\gilbe\AppData\Local\Programs\Python\Python312\Lib\site-packages\flask_socketio\__init__.py", line 802, in _handle_event
    with app.request_context(environ):
  File "C:\Users\gilbe\AppData\Local\Programs\Python\Python312\Lib\site-packages\flask\ctx.py", line 434, in __enter__
    self.push()
  File "C:\Users\gilbe\AppData\Local\Programs\Python\Python312\Lib\site-packages\flask\ctx.py", line 386, in push
    self.session = session_interface.open_session(self.app, self.request)
                   ^^^^^^^^^^^^^^^^^^^^^^^^^^^^^^^^^^^^^^^^^^^^^^^^^^^^^^
  File "C:\Users\gilbe\OneDrive\Desktop\RiddleNet\utils\split_session_interface.py", line 95, in open_session
    chosen = self._select_cookie_for_request()
             ^^^^^^^^^^^^^^^^^^^^^^^^^^^^^^^^^
  File "C:\Users\gilbe\OneDrive\Desktop\RiddleNet\utils\split_session_interface.py", line 72, in _select_cookie_for_request
    print(f"\U0001f36a SplitSession: _select_cookie_for_request called for path: {path}")
  File "C:\Users\gilbe\AppData\Local\Programs\Python\Python312\Lib\encodings\cp1252.py", line 19, in encode
    return codecs.charmap_encode(input,self.errors,encoding_table)[0]
           ^^^^^^^^^^^^^^^^^^^^^^^^^^^^^^^^^^^^^^^^^^^^^^^^^^^^^^^
UnicodeEncodeError: 'charmap' codec can't encode character '\U0001f36a' in position 0: character maps to <undefined>
disconnect handler error
Traceback (most recent call last):
  File "C:\Users\gilbe\AppData\Local\Programs\Python\Python312\Lib\site-packages\engineio\server.py", line 450, in run_handler
    return self.handlers[event](*args)
           ^^^^^^^^^^^^^^^^^^^^^^^^^^^
  File "C:\Users\gilbe\AppData\Local\Programs\Python\Python312\Lib\site-packages\socketio\server.py", line 671, in _handle_eio_disconnect
    self._handle_disconnect(eio_sid, n, reason)
  File "C:\Users\gilbe\AppData\Local\Programs\Python\Python312\Lib\site-packages\socketio\server.py", line 568, in _handle_disconnect
    self._trigger_event('disconnect', namespace, sid,
  File "C:\Users\gilbe\AppData\Local\Programs\Python\Python312\Lib\site-packages\socketio\server.py", line 617, in _trigger_event
    return handler(*args)
           ^^^^^^^^^^^^^^
  File "C:\Users\gilbe\AppData\Local\Programs\Python\Python312\Lib\site-packages\flask_socketio\__init__.py", line 292, in _handler
    return self._handle_event(handler, message, real_ns, sid,
           ^^^^^^^^^^^^^^^^^^^^^^^^^^^^^^^^^^^^^^^^^^^^^^^^^^
  File "C:\Users\gilbe\AppData\Local\Programs\Python\Python312\Lib\site-packages\flask_socketio\__init__.py", line 802, in _handle_event
    with app.request_context(environ):
  File "C:\Users\gilbe\AppData\Local\Programs\Python\Python312\Lib\site-packages\flask\ctx.py", line 434, in __enter__
    self.push()
  File "C:\Users\gilbe\AppData\Local\Programs\Python\Python312\Lib\site-packages\flask\ctx.py", line 386, in push
    self.session = session_interface.open_session(self.app, self.request)
                   ^^^^^^^^^^^^^^^^^^^^^^^^^^^^^^^^^^^^^^^^^^^^^^^^^^^^^^
  File "C:\Users\gilbe\OneDrive\Desktop\RiddleNet\utils\split_session_interface.py", line 95, in open_session
    chosen = self._select_cookie_for_request()
             ^^^^^^^^^^^^^^^^^^^^^^^^^^^^^^^^^
  File "C:\Users\gilbe\OneDrive\Desktop\RiddleNet\utils\split_session_interface.py", line 72, in _select_cookie_for_request
    print(f"\U0001f36a SplitSession: _select_cookie_for_request called for path: {path}")
  File "C:\Users\gilbe\AppData\Local\Programs\Python\Python312\Lib\encodings\cp1252.py", line 19, in encode
    return codecs.charmap_encode(input,self.errors,encoding_table)[0]
           ^^^^^^^^^^^^^^^^^^^^^^^^^^^^^^^^^^^^^^^^^^^^^^^^^^^^^^^
UnicodeEncodeError: 'charmap' codec can't encode character '\U0001f36a' in position 0: character maps to <undefined>
2025-10-27 04:20:21,915 - engineio.server - ERROR - disconnect handler error
Traceback (most recent call last):
  File "C:\Users\gilbe\AppData\Local\Programs\Python\Python312\Lib\site-packages\engineio\server.py", line 450, in run_handler
    return self.handlers[event](*args)
           ^^^^^^^^^^^^^^^^^^^^^^^^^^^
  File "C:\Users\gilbe\AppData\Local\Programs\Python\Python312\Lib\site-packages\socketio\server.py", line 671, in _handle_eio_disconnect
    self._handle_disconnect(eio_sid, n, reason)
  File "C:\Users\gilbe\AppData\Local\Programs\Python\Python312\Lib\site-packages\socketio\server.py", line 568, in _handle_disconnect
    self._trigger_event('disconnect', namespace, sid,
  File "C:\Users\gilbe\AppData\Local\Programs\Python\Python312\Lib\site-packages\socketio\server.py", line 617, in _trigger_event
    return handler(*args)
           ^^^^^^^^^^^^^^
  File "C:\Users\gilbe\AppData\Local\Programs\Python\Python312\Lib\site-packages\flask_socketio\__init__.py", line 292, in _handler
    return self._handle_event(handler, message, real_ns, sid,
           ^^^^^^^^^^^^^^^^^^^^^^^^^^^^^^^^^^^^^^^^^^^^^^^^^^
  File "C:\Users\gilbe\AppData\Local\Programs\Python\Python312\Lib\site-packages\flask_socketio\__init__.py", line 802, in _handle_event
    with app.request_context(environ):
  File "C:\Users\gilbe\AppData\Local\Programs\Python\Python312\Lib\site-packages\flask\ctx.py", line 434, in __enter__
    self.push()
  File "C:\Users\gilbe\AppData\Local\Programs\Python\Python312\Lib\site-packages\flask\ctx.py", line 386, in push
    self.session = session_interface.open_session(self.app, self.request)
                   ^^^^^^^^^^^^^^^^^^^^^^^^^^^^^^^^^^^^^^^^^^^^^^^^^^^^^^
  File "C:\Users\gilbe\OneDrive\Desktop\RiddleNet\utils\split_session_interface.py", line 95, in open_session
    chosen = self._select_cookie_for_request()
             ^^^^^^^^^^^^^^^^^^^^^^^^^^^^^^^^^
  File "C:\Users\gilbe\OneDrive\Desktop\RiddleNet\utils\split_session_interface.py", line 72, in _select_cookie_for_request
    print(f"\U0001f36a SplitSession: _select_cookie_for_request called for path: {path}")
  File "C:\Users\gilbe\AppData\Local\Programs\Python\Python312\Lib\encodings\cp1252.py", line 19, in encode
    return codecs.charmap_encode(input,self.errors,encoding_table)[0]
           ^^^^^^^^^^^^^^^^^^^^^^^^^^^^^^^^^^^^^^^^^^^^^^^^^^^^^^^
UnicodeEncodeError: 'charmap' codec can't encode character '\U0001f36a' in position 0: character maps to <undefined>
disconnect handler error
Traceback (most recent call last):
  File "C:\Users\gilbe\AppData\Local\Programs\Python\Python312\Lib\site-packages\engineio\server.py", line 450, in run_handler
    return self.handlers[event](*args)
           ^^^^^^^^^^^^^^^^^^^^^^^^^^^
  File "C:\Users\gilbe\AppData\Local\Programs\Python\Python312\Lib\site-packages\socketio\server.py", line 671, in _handle_eio_disconnect
    self._handle_disconnect(eio_sid, n, reason)
  File "C:\Users\gilbe\AppData\Local\Programs\Python\Python312\Lib\site-packages\socketio\server.py", line 568, in _handle_disconnect
    self._trigger_event('disconnect', namespace, sid,
  File "C:\Users\gilbe\AppData\Local\Programs\Python\Python312\Lib\site-packages\socketio\server.py", line 617, in _trigger_event
    return handler(*args)
           ^^^^^^^^^^^^^^
  File "C:\Users\gilbe\AppData\Local\Programs\Python\Python312\Lib\site-packages\flask_socketio\__init__.py", line 292, in _handler
    return self._handle_event(handler, message, real_ns, sid,
           ^^^^^^^^^^^^^^^^^^^^^^^^^^^^^^^^^^^^^^^^^^^^^^^^^^
  File "C:\Users\gilbe\AppData\Local\Programs\Python\Python312\Lib\site-packages\flask_socketio\__init__.py", line 802, in _handle_event
    with app.request_context(environ):
  File "C:\Users\gilbe\AppData\Local\Programs\Python\Python312\Lib\site-packages\flask\ctx.py", line 434, in __enter__
    self.push()
  File "C:\Users\gilbe\AppData\Local\Programs\Python\Python312\Lib\site-packages\flask\ctx.py", line 386, in push
    self.session = session_interface.open_session(self.app, self.request)
                   ^^^^^^^^^^^^^^^^^^^^^^^^^^^^^^^^^^^^^^^^^^^^^^^^^^^^^^
  File "C:\Users\gilbe\OneDrive\Desktop\RiddleNet\utils\split_session_interface.py", line 95, in open_session
    chosen = self._select_cookie_for_request()
             ^^^^^^^^^^^^^^^^^^^^^^^^^^^^^^^^^
  File "C:\Users\gilbe\OneDrive\Desktop\RiddleNet\utils\split_session_interface.py", line 72, in _select_cookie_for_request
    print(f"\U0001f36a SplitSession: _select_cookie_for_request called for path: {path}")
  File "C:\Users\gilbe\AppData\Local\Programs\Python\Python312\Lib\encodings\cp1252.py", line 19, in encode
    return codecs.charmap_encode(input,self.errors,encoding_table)[0]
           ^^^^^^^^^^^^^^^^^^^^^^^^^^^^^^^^^^^^^^^^^^^^^^^^^^^^^^^
UnicodeEncodeError: 'charmap' codec can't encode character '\U0001f36a' in position 0: character maps to <undefined>
2025-10-27 04:20:21,919 - engineio.server - ERROR - disconnect handler error
Traceback (most recent call last):
  File "C:\Users\gilbe\AppData\Local\Programs\Python\Python312\Lib\site-packages\engineio\server.py", line 450, in run_handler
    return self.handlers[event](*args)
           ^^^^^^^^^^^^^^^^^^^^^^^^^^^
  File "C:\Users\gilbe\AppData\Local\Programs\Python\Python312\Lib\site-packages\socketio\server.py", line 671, in _handle_eio_disconnect
    self._handle_disconnect(eio_sid, n, reason)
  File "C:\Users\gilbe\AppData\Local\Programs\Python\Python312\Lib\site-packages\socketio\server.py", line 568, in _handle_disconnect
    self._trigger_event('disconnect', namespace, sid,
  File "C:\Users\gilbe\AppData\Local\Programs\Python\Python312\Lib\site-packages\socketio\server.py", line 617, in _trigger_event
    return handler(*args)
           ^^^^^^^^^^^^^^
  File "C:\Users\gilbe\AppData\Local\Programs\Python\Python312\Lib\site-packages\flask_socketio\__init__.py", line 292, in _handler
    return self._handle_event(handler, message, real_ns, sid,
           ^^^^^^^^^^^^^^^^^^^^^^^^^^^^^^^^^^^^^^^^^^^^^^^^^^
  File "C:\Users\gilbe\AppData\Local\Programs\Python\Python312\Lib\site-packages\flask_socketio\__init__.py", line 802, in _handle_event
    with app.request_context(environ):
  File "C:\Users\gilbe\AppData\Local\Programs\Python\Python312\Lib\site-packages\flask\ctx.py", line 434, in __enter__
    self.push()
  File "C:\Users\gilbe\AppData\Local\Programs\Python\Python312\Lib\site-packages\flask\ctx.py", line 386, in push
    self.session = session_interface.open_session(self.app, self.request)
                   ^^^^^^^^^^^^^^^^^^^^^^^^^^^^^^^^^^^^^^^^^^^^^^^^^^^^^^
  File "C:\Users\gilbe\OneDrive\Desktop\RiddleNet\utils\split_session_interface.py", line 95, in open_session
    chosen = self._select_cookie_for_request()
             ^^^^^^^^^^^^^^^^^^^^^^^^^^^^^^^^^
  File "C:\Users\gilbe\OneDrive\Desktop\RiddleNet\utils\split_session_interface.py", line 72, in _select_cookie_for_request
    print(f"\U0001f36a SplitSession: _select_cookie_for_request called for path: {path}")
  File "C:\Users\gilbe\AppData\Local\Programs\Python\Python312\Lib\encodings\cp1252.py", line 19, in encode
    return codecs.charmap_encode(input,self.errors,encoding_table)[0]
           ^^^^^^^^^^^^^^^^^^^^^^^^^^^^^^^^^^^^^^^^^^^^^^^^^^^^^^^
UnicodeEncodeError: 'charmap' codec can't encode character '\U0001f36a' in position 0: character maps to <undefined>
disconnect handler error
Traceback (most recent call last):
  File "C:\Users\gilbe\AppData\Local\Programs\Python\Python312\Lib\site-packages\engineio\server.py", line 450, in run_handler
    return self.handlers[event](*args)
           ^^^^^^^^^^^^^^^^^^^^^^^^^^^
  File "C:\Users\gilbe\AppData\Local\Programs\Python\Python312\Lib\site-packages\socketio\server.py", line 671, in _handle_eio_disconnect
    self._handle_disconnect(eio_sid, n, reason)
  File "C:\Users\gilbe\AppData\Local\Programs\Python\Python312\Lib\site-packages\socketio\server.py", line 568, in _handle_disconnect
    self._trigger_event('disconnect', namespace, sid,
  File "C:\Users\gilbe\AppData\Local\Programs\Python\Python312\Lib\site-packages\socketio\server.py", line 617, in _trigger_event
    return handler(*args)
           ^^^^^^^^^^^^^^
  File "C:\Users\gilbe\AppData\Local\Programs\Python\Python312\Lib\site-packages\flask_socketio\__init__.py", line 292, in _handler
    return self._handle_event(handler, message, real_ns, sid,
           ^^^^^^^^^^^^^^^^^^^^^^^^^^^^^^^^^^^^^^^^^^^^^^^^^^
  File "C:\Users\gilbe\AppData\Local\Programs\Python\Python312\Lib\site-packages\flask_socketio\__init__.py", line 802, in _handle_event
    with app.request_context(environ):
  File "C:\Users\gilbe\AppData\Local\Programs\Python\Python312\Lib\site-packages\flask\ctx.py", line 434, in __enter__
    self.push()
  File "C:\Users\gilbe\AppData\Local\Programs\Python\Python312\Lib\site-packages\flask\ctx.py", line 386, in push
    self.session = session_interface.open_session(self.app, self.request)
                   ^^^^^^^^^^^^^^^^^^^^^^^^^^^^^^^^^^^^^^^^^^^^^^^^^^^^^^
  File "C:\Users\gilbe\OneDrive\Desktop\RiddleNet\utils\split_session_interface.py", line 95, in open_session
    chosen = self._select_cookie_for_request()
             ^^^^^^^^^^^^^^^^^^^^^^^^^^^^^^^^^
  File "C:\Users\gilbe\OneDrive\Desktop\RiddleNet\utils\split_session_interface.py", line 72, in _select_cookie_for_request
    print(f"\U0001f36a SplitSession: _select_cookie_for_request called for path: {path}")
  File "C:\Users\gilbe\AppData\Local\Programs\Python\Python312\Lib\encodings\cp1252.py", line 19, in encode
    return codecs.charmap_encode(input,self.errors,encoding_table)[0]
           ^^^^^^^^^^^^^^^^^^^^^^^^^^^^^^^^^^^^^^^^^^^^^^^^^^^^^^^
UnicodeEncodeError: 'charmap' codec can't encode character '\U0001f36a' in position 0: character maps to <undefined>
2025-10-27 04:20:21,922 - engineio.server - ERROR - disconnect handler error
Traceback (most recent call last):
  File "C:\Users\gilbe\AppData\Local\Programs\Python\Python312\Lib\site-packages\engineio\server.py", line 450, in run_handler
    return self.handlers[event](*args)
           ^^^^^^^^^^^^^^^^^^^^^^^^^^^
  File "C:\Users\gilbe\AppData\Local\Programs\Python\Python312\Lib\site-packages\socketio\server.py", line 671, in _handle_eio_disconnect
    self._handle_disconnect(eio_sid, n, reason)
  File "C:\Users\gilbe\AppData\Local\Programs\Python\Python312\Lib\site-packages\socketio\server.py", line 568, in _handle_disconnect
    self._trigger_event('disconnect', namespace, sid,
  File "C:\Users\gilbe\AppData\Local\Programs\Python\Python312\Lib\site-packages\socketio\server.py", line 617, in _trigger_event
    return handler(*args)
           ^^^^^^^^^^^^^^
  File "C:\Users\gilbe\AppData\Local\Programs\Python\Python312\Lib\site-packages\flask_socketio\__init__.py", line 292, in _handler
    return self._handle_event(handler, message, real_ns, sid,
           ^^^^^^^^^^^^^^^^^^^^^^^^^^^^^^^^^^^^^^^^^^^^^^^^^^
  File "C:\Users\gilbe\AppData\Local\Programs\Python\Python312\Lib\site-packages\flask_socketio\__init__.py", line 802, in _handle_event
    with app.request_context(environ):
  File "C:\Users\gilbe\AppData\Local\Programs\Python\Python312\Lib\site-packages\flask\ctx.py", line 434, in __enter__
    self.push()
  File "C:\Users\gilbe\AppData\Local\Programs\Python\Python312\Lib\site-packages\flask\ctx.py", line 386, in push
    self.session = session_interface.open_session(self.app, self.request)
                   ^^^^^^^^^^^^^^^^^^^^^^^^^^^^^^^^^^^^^^^^^^^^^^^^^^^^^^
  File "C:\Users\gilbe\OneDrive\Desktop\RiddleNet\utils\split_session_interface.py", line 95, in open_session
    chosen = self._select_cookie_for_request()
             ^^^^^^^^^^^^^^^^^^^^^^^^^^^^^^^^^
  File "C:\Users\gilbe\OneDrive\Desktop\RiddleNet\utils\split_session_interface.py", line 72, in _select_cookie_for_request
    print(f"\U0001f36a SplitSession: _select_cookie_for_request called for path: {path}")
  File "C:\Users\gilbe\AppData\Local\Programs\Python\Python312\Lib\encodings\cp1252.py", line 19, in encode
    return codecs.charmap_encode(input,self.errors,encoding_table)[0]
           ^^^^^^^^^^^^^^^^^^^^^^^^^^^^^^^^^^^^^^^^^^^^^^^^^^^^^^^
UnicodeEncodeError: 'charmap' codec can't encode character '\U0001f36a' in position 0: character maps to <undefined>

admin_user.index               GET, HEAD, OPTIONS   /instructor/users
essay.users                    GET, HEAD, OPTIONS   /instructor/users
lab_api.grade_lab              OPTIONS, POST        /labs/<int:lab_id>/grade/<int:submission_id>
lab_api.submit_lab             OPTIONS, POST        /labs/<int:lab_id>/submit
lab_api.validate_lab           OPTIONS, POST        /labs/<int:lab_id>/validate
user.landscape_test            GET, HEAD, OPTIONS   /landscape-test
user.networking_1              GET, HEAD, OPTIONS   /learning/networking-1
user.networking_2              GET, HEAD, OPTIONS   /learning/networking-2
user_lesson.lesson_analytics   GET, HEAD, OPTIONS   /lesson/api/class/<int:class_id>/lesson/<int:lesson_id>/analytics
user_lesson.view_lesson        GET, HEAD, OPTIONS   /lesson/class/<int:class_id>/lesson/<int:lesson_id>
user_lesson.complete_lesson    OPTIONS, POST        /lesson/class/<int:class_id>/lesson/<int:lesson_id>/complete
user_lesson.update_progress    OPTIONS, POST        /lesson/class/<int:class_id>/lesson/<int:lesson_id>/progress
user_lesson.start_simulation   GET, HEAD, OPTIONS   /lesson/class/<int:class_id>/lesson/<int:lesson_id>/start-simulation/<int:simulation_id>
user.login                     GET, HEAD, OPTIONS, POST /login
user.logout                    GET, HEAD, OPTIONS   /logout
user.serve_audio               GET, HEAD, OPTIONS   /media/audio/<path:filename>
user.serve_video               GET, HEAD, OPTIONS   /media/video/<path:filename>
user.networking1_simulation_redirect GET, HEAD, OPTIONS   /networking1-<simulation_name>-simulation
user.networking1_simulations_redirect GET, HEAD, OPTIONS   /networking1-simulations
user.networking2_simulation_redirect GET, HEAD, OPTIONS   /networking2-<simulation_name>-simulation
user.networking2_simulations_redirect GET, HEAD, OPTIONS   /networking2-simulations
user.osi_simulation            GET, HEAD, OPTIONS   /osi-simulation
user.overview                  GET, HEAD, OPTIONS   /overview
user.profile                   GET, HEAD, OPTIONS   /profile
get_questions                  GET, HEAD, OPTIONS   /questions
get_questions_by_topic         GET, HEAD, OPTIONS   /questions_by_topic
quiz.index                     GET, HEAD, OPTIONS   /quiz/
quiz.clear_progress            OPTIONS, POST        /quiz/api/clear_progress
quiz.get_progress              GET, HEAD, OPTIONS   /quiz/api/get_progress
quiz.save_progress             OPTIONS, POST        /quiz/api/save_progress
quiz.submit_quiz               OPTIONS, POST        /quiz/api/submit
quiz.test_images               GET, HEAD, OPTIONS   /quiz/test-images
get_quiz_topics                GET, HEAD, OPTIONS   /quiz_topics
user.save_crimping_score       OPTIONS, POST        /save_crimping_score
save_crimping_score            OPTIONS, POST        /save_crimping_score
save_essay                     OPTIONS, POST        /save_essay
user.save_osi_score            OPTIONS, POST        /save_osi_score
save_score                     OPTIONS, POST        /save_score
user.save_topology_score       OPTIONS, POST        /save_topology_score
save_topology_score            OPTIONS, POST        /save_topology_score
save_troubleshoot_score        OPTIONS, POST        /save_troubleshoot_score
user.scores                    GET, HEAD, OPTIONS   /scores
user.send_otp                  OPTIONS, POST        /send_otp
user.signup                    OPTIONS, POST        /signup
user_simulation.run_simulation GET, HEAD, OPTIONS   /simulation/<int:simulation_id>
user_simulation.simulation_results GET, HEAD, OPTIONS   /simulation/<int:simulation_id>/results/<int:attempt_id>
user_simulation.complete_simulation OPTIONS, POST        /simulation/api/<int:simulation_id>/complete
user_simulation.restart_simulation OPTIONS, POST        /simulation/api/<int:simulation_id>/restart
user_simulation.submit_step    OPTIONS, POST        /simulation/api/<int:simulation_id>/submit-step
user_simulation.submit_task_assignment OPTIONS, POST        /simulation/api/<int:simulation_id>/submit-task
user_simulation.get_user_task_assignment GET, HEAD, OPTIONS   /simulation/api/<int:simulation_id>/task-assignment
user_simulation.get_simulation_task_config GET, HEAD, OPTIONS   /simulation/api/<int:simulation_id>/task-config
user_simulation.update_task_progress OPTIONS, POST        /simulation/api/<int:simulation_id>/task-progress
user_simulation.validate_task_progress OPTIONS, POST        /simulation/api/<int:simulation_id>/validate-progress
user_simulation.simulation_dashboard GET, HEAD, OPTIONS   /simulation/dashboard
static                         GET, HEAD, OPTIONS   /static/<path:filename>
submit_quiz                    OPTIONS, POST        /submit_quiz
user.topology                  GET, HEAD, OPTIONS   /topology
topology                       GET, HEAD, OPTIONS, POST /topology
user.gamified_topology.topology_simulation GET, HEAD, OPTIONS   /topology/
user.gamified_topology.get_achievements GET, HEAD, OPTIONS   /topology/api/achievements
user.gamified_topology.get_hint OPTIONS, POST        /topology/api/hint
user.gamified_topology.get_leaderboard GET, HEAD, OPTIONS   /topology/api/leaderboard
user.gamified_topology.get_user_progress GET, HEAD, OPTIONS   /topology/api/progress
user.gamified_topology.mark_tutorial_complete OPTIONS, POST        /topology/api/progress/mark-tutorial-complete
user.gamified_topology.reset_user_progress OPTIONS, POST        /topology/api/reset-progress
user.gamified_topology.start_scenario OPTIONS, POST        /topology/api/scenario/<scenario_id>/start
user.gamified_topology.validate_scenario OPTIONS, POST        /topology/api/scenario/<scenario_id>/validate
user.gamified_topology.get_scenarios GET, HEAD, OPTIONS   /topology/api/scenarios
user.gamified_topology.get_scenario_tutorial GET, HEAD, OPTIONS   /topology/api/scenarios/<scenario_id>/tutorial
user.get_topology_challenge    GET, HEAD, OPTIONS   /topology/challenge/<int:topology_id>
user.get_topology_challenges   GET, HEAD, OPTIONS   /topology/challenges
user.get_completed_topologies  GET, HEAD, OPTIONS   /topology/completed
user.gamified_topology         GET, HEAD, OPTIONS   /topology/gamified
user.save_topology_progress    OPTIONS, POST        /topology/progress
user.troubleshoot              GET, HEAD, OPTIONS   /troubleshoot
troubleshoot                   GET, HEAD, OPTIONS, POST /troubleshoot
troubleshooting.index          GET, HEAD, OPTIONS   /troubleshooting/
troubleshooting.get_scenario   GET, HEAD, OPTIONS   /troubleshooting/api/<int:scenario_id>
troubleshooting.submit_solution OPTIONS, POST        /troubleshooting/api/submit
user.update_profile            OPTIONS, POST        /update_profile
user_notifications.get_user_notifications GET, HEAD, OPTIONS   /user/api/notifications
user_notifications.cleanup_old_notifications OPTIONS, POST        /user/api/notifications/cleanup
user_notifications.delete_notifications OPTIONS, POST        /user/api/notifications/delete
user_notifications.mark_notifications_read OPTIONS, POST        /user/api/notifications/mark-read
user_notifications.notification_preferences GET, HEAD, OPTIONS, POST /user/api/notifications/preferences
user_notifications.get_recent_announcements GET, HEAD, OPTIONS   /user/api/notifications/recent-announcements
user_notifications.notification_stats GET, HEAD, OPTIONS   /user/api/notifications/stats
user_notifications.test_notification OPTIONS, POST        /user/api/notifications/test
user_notifications.notification_dashboard GET, HEAD, OPTIONS   /user/notifications
=========================

Added template directory to Jinja2 environment: C:\Users\gilbe\OneDrive\Desktop\RiddleNet\templates
Created ChoiceLoader for application
